nome,indirizzo,citta,provincia,nazione,lat,lng
"Az. olivinicola Terre Stregate, SP87 n°10, Guardia Sanframondi, 82034 Santa Lucia (BN)","SP87, 82034 Guardia Sanframondi BN, Italia",Guardia Sanframondi,BN,Italia,41.250165,14.5718391
CANTINA BENEDETTO SRL,"Strada Statale 544, 22, 76015 Cerignola Foggia, Italia",Cerignola Foggia,,Italia,41.3575576,16.0713428
CEWO WORTMANN Gmbh & CO KG,"Pappelweg 16, 33378 Rheda-Wiedenbrück, Germania",Rheda-Wiedenbrück,,Germania,51.8544556,8.3400578
Corman GmbH - Beesten Hauptstrasse 6 49832 Beesten,"Raiffeisenstraße 3-5, 49832 Beesten, Germania",Beesten,,Germania,52.4371198,7.4975611
Nestlé Pontecesures,"Barrio la Cova, 4, 36640 Puentecesures, Pontevedra, Spagna",Puentecesures,Pontevedra,Spagna,42.7199631,-8.6568894
RADER EIPRODUKTE,"Max-Eyth-Straße 6, 89340 Leipheim, Germania",Leipheim,,Germania,48.4605595,10.2129695
3 B Latte Brignano Gera d'Adda,"Via Cologno, 10, 24053 Brignano Gera d'Adda BG, Italia",Brignano Gera d'Adda,BG,Italia,45.5481677,9.6588786
A Dohrn & A. Timm GmbH & Com,"Birkholzer Str. 101, 15831 Großbeeren, Germania",Großbeeren,,Germania,52.3462717,13.352849
A&A CHOCOLATERIE LOKEREN,"A14, 9160 Lokeren, Belgio",Lokeren,,Belgio,51.0771893,3.9967785
A&A Fratelli Parodi Campomorone,"Via Valverde, 96, 16014 Campomorone GE, Italia",Campomorone,GE,Italia,44.5204634,8.8743551
A-ware Dairy Trade B. V. Saturnus 21 8448 CC Heerenveen,"Saturnus 23, 8448 CC Heerenveen, Paesi Bassi",Heerenveen,,Paesi Bassi,52.982017,5.9494985
AArhus Karlshamnt Aarhus,"Danimarca, 8000 ?hus, Celebesvej",?hus,,,56.1452248,10.2125208
AarhusKarlshamn B.V,"Lagedijk 242, 1544 BN Zaandijk, Paesi Bassi",Zaandijk,,Paesi Bassi,52.4776453,4.8097183
Abafood Viadana,"Via dei Tigli, 42-54, 46019 Viadana MN, Italy",Viadana,MN,Italia,44.9395908,10.512854
Acetaia Monari Federzoni 1912 Solara,"Via Carrate, 24, 41030 Solara MO, Italia",Solara,MO,Italia,44.7794257,11.0962431
ADDITIUS SANTA MARIA,"Carrer Can Balada, 3, 08460 Santa Maria de Palautordera, Barcelona, Spagna",Santa Maria de Palautordera,Barcelona,Spagna,41.6905615,2.4583836
ADEA BUSTO ARSIZIO,"Via Baden Powel, 9, 21052 Sacconago VA, Italia",Sacconago,VA,Italia,45.5853976,8.8251078
ADM BAZANCOURT,"La Couture, 51110 Bazancourt, Francia",Bazancourt,,Francia,49.349329480854,4.1623161789365
ADM Europoort Rotterdam,"Elbeweg 125, 3198 LC Europoort Rotterdam, Paesi Bassi",Europoort Rotterdam,,Paesi Bassi,51.9545676,4.1213837
ADM Hamburg,"Nippoldstraße 117, 21107 Hamburg, Germania",Hamburg,,Germania,53.5190658,9.9506018
ADM Soya Mainz,"Im Güterbahnhof, 55130 Magonza, Germania",Magonza,,Germania,49.9737852,8.3161355
ADOLF DARBO AG STANS,"Dornau 18, 6135, Austria",6135,,Austria,47.3628157,11.7184138
"Adriatica Olii 62010 Montecosaro MC, Italia","Strada Provinciale 74, 10, 62010 Montecosaro MC, Italia",Montecosaro,MC,Italia,43.3036928,13.638539
Aggraria Lagar LDA,"N2, 7900 Odivelas, Portogallo",Odivelas,,Portogallo,38.1425429,-8.1368025
AGRIAL HEROUVILLE SAINT CLAIR,"Quai Lefèvre, 14120 Hérouville-Saint-Clair, Francia",Hérouville-Saint-Clair,,Francia,49.1852341,-0.3266374
AGRICOLA ALIMENTARE-ITALIANA,"Via Armedola, 27, 35010 San Pietro in GU PD, Italia",San Pietro in GU,PD,Italia,45.5978228,11.6557021
AGRICOLA GREINS ARRE (PD),"Via Sorgaglia, 16, 35020 Arre PD, Italia",Arre,PD,Italia,45.2121027,11.9209488
Agricola Tre Valli San Polo di Torrile,"Strada Asolana, 1, 43056 Torrile PR, Italia",Torrile,PR,Italia,44.8846132,10.3544251
AGRO SEGURA COOP LA PUERTA DE SEGURA,"Calle d Pp Sector 5, 138, 23360 La Puerta de Segura, Jaén, Spagna",La Puerta de Segura,Jaén,Spagna,38.3618425,-2.7553641
Agrosegura - La Puerta de Segura,"Calle d Pp Sector 5, 138, 23360 La Puerta de Segura, Jaén, Spagna",La Puerta de Segura,Jaén,Spagna,38.3619533,-2.7551383
AIA San Martino Buon Albergo,"Piazzale Apollinare Veronesi, 1, 37036 San Martino Buon Albergo VR, Italia",San Martino Buon Albergo,VR,Italia,45.4297564,11.0743682
AJINOMOTO FOODS FRANCE,"Route du Petit Mesnil, 80190 Nesle, Francia",Nesle,,Francia,49.7649043,2.909982
ALBERT KEIJZER PESA,"Albert Keijzerstraat 1, 1508 EZ Zaandam, Paesi Bassi",Zaandam,,Paesi Bassi,52.4625866,4.8156016
ALL. COOP Mosciano S.Angelo,"Autostrada Adriatica, 64023 Mosciano Sant'Angelo TE, Italia",Mosciano Sant'Angelo,TE,Italia,42.7089353,13.9139276
Almazara Adamuz,"A-421, 14430 Adamuz, Córdoba, Spagna",Adamuz,Córdoba,Spagna,38.013288840281,-4.5340122362123
Alpenfrucht Policoro,"Via Santa Croce, 75025 Policoro MT, Italia",Policoro,MT,Italia,40.1973369,16.6610368
Alpenfrucht Tarantasca,"Italia, 12020 Tarantasca CN, Via Centallo, 19",Tarantasca CN,Via Centallo,,44.4944089,7.5481393
Alpenfucht Giugliano (NA),"Via Salvatore Piccolo, 80014 Asi NA, Italia",Asi,NA,Italia,40.9345028,14.1163649
ALPENROSE CASLANO,"Via Rompada, 6987 Caslano, Svizzera",Caslano,,Svizzera,45.9745265,8.8729737
ALPRO,"Industriezone Wevelgem-Zuid, Vlamingstraat 28, 8560 Wevelgem, Belgio",Wevelgem,,Belgio,50.8106661,3.211102
Alsace Lait,"19 Rue de l'Industrie, 67720 Hœrdt, Francia",Hœrdt,,Francia,48.676806588991,7.7844413253308
ALTAIR CHIMICA SALINE DI VOLTERRA,"Via delle Moie Vecchie, 13, 56048 Saline PI, Italia",Saline,PI,Italia,43.3575625,10.819291
ALTMARK KAESEREI UELZENA GMBH,"Wartenberger Chaussee 12, 39629 Bismark (Altmark), Germania",Bismark (Altmark),,Germania,52.6534175,11.5395282
AMBRA CHOCOLATE Alba,"Corso Bra, 105, 12051 Alba CN, Italia",Alba,CN,Italia,44.7100605,8.0075311
Andros Portes Les Valence,"Rue Benoît Frachon, 26800 Portes-lès-Valence, Francia",Portes-lès-Valence,,Francia,44.890713172783,4.8694231291181
"Anodeweg 6, 1627 LJ Hoorn, Paesi Bassi","Anodeweg 6, 1627 LJ Hoorn, Paesi Bassi",Hoorn,,Paesi Bassi,52.6391974,5.1021131
ANTARTIC Saint Martin d'Abbat,"1 Rue d'Aigrefin, 45110 Saint-Martin-d'Abbat, Francia",Saint-Martin-d'Abbat,,Francia,47.8608959,2.273868
APHA TRADING CARBONARA SCRIVIA,"Via Padre Michele, 45, 15050 Carbonara Scrivia AL, Italia",Carbonara Scrivia,AL,Italia,44.8551068,8.8560872
ARKEMA FRANCE MARSIGLIA,"181 Avenue de la Gare, 13011 Marseille, Francia",Marseille,,Francia,43.285273,5.5022256
Arla Foods Deutschland GmbH - Pronsfeld,"Unnamed Road, 54595 Pittenbach, Germania",Pittenbach,,Germania,50.1716335,6.367771
ASPERA BRAUEREI RIESE GmbH,"Rheinstraße 161-144, 45478 Mülheim an der Ruhr, Germania",Mülheim an der Ruhr,,Germania,51.438978321277,6.8400970051984
ATLANTIC OVO KERNASCLEDEN,"Le Trente et un Mai, 56540 Kernascléden, Francia",Kernascléden,,Francia,48.0070008,-3.3230138
AUGUST STORCK KG 33790 HALLE,"Paulinenweg, 33790 Halle (Westfalen), Germania",Halle (Westfalen),,Germania,52.0592393,8.3378842
"Ausnutria Kampen B.V.,","IJsseldijk 33, 8266 AD Kampen, Paesi Bassi",Kampen,,Paesi Bassi,52.5498328,5.9251818
AZ.AGR.TROT. EREDE ROSSI SILVIO CASSOLNOVO,"Via del Porto, 27023 Cassolnovo PV, Italia",Cassolnovo,PV,Italia,45.3793138,8.8321738
Azienda Agricola Cipulli Cupello (CH),"Unnamed Road, 66051 Montalfano CH, Italia",Montalfano,CH,Italia,42.0261896,14.7073376
AZIENDA AGRICOLA LA CASTELLINA,"SP214, 66010 Miglianico CH, Italia",Miglianico,CH,Italia,42.3728161,14.295174
AZIENDA AGRICOLA LANZETTA SCERNI,"Unnamed Road, 66020 Colle Marrollo CH, Italia",Colle Marrollo,CH,Italia,42.0876085,14.5996785
Azienda Agricola Pezzaviva Torre Santa Susanna,"Strada senza nome, 72028 Torre Santa Susanna BR, Italy",Torre Santa Susanna,BR,Italia,40.4766898,17.7262158
AZIENDA AGRICOLA ROCCO PERRUCCI CATIGNANO,"Unnamed Road, 65011 Catignano PE, Italia",Catignano,PE,Italia,42.3465233,13.975064
Azienda Agricola Ruffia,"SP151, 12030 Cavallermaggiore CN, Italia",Cavallermaggiore,CN,Italia,44.7112116,7.6500563
Azienda Agricola Veliterna Vini,"Via Ferriere Nettuno, 04011 Aprilia LT, Italia",Aprilia,LT,Italia,41.5353343,12.7385709
AZIENDA VINICOLA ANGARANO,"SP77, 71042 Cerignola FG, Italia",Cerignola,FG,Italia,41.282284626201,15.895950236713
Azienda Vinicola Carassanese,"Strada Provinciale 22, 63063 Carassai AP, Italia",Carassai,AP,Italia,43.0208481,13.6851306
BACARDI ESPANA,"Av. Can Magarola, 23, 08100 Mollet del Vallès, Barcelona, Spagna",Mollet del Vallès,Barcelona,Spagna,41.5501686,2.2293404
BAG Ölmühle BetriebsGmbH Güssing,"Wr. Str. 12, 7540 Güssing, Austria",Güssing,,Austria,47.0697158,16.32328
Baja Hermosa,"SP44, 35010 Bigolo PD, Italia",Bigolo,PD,Italia,45.5791175,12.0190353
BAKER & BAKER Chanteloup-en-Brie,"7-1 Av. Napoléon, 77600 Chanteloup-en-Brie, Francia",Chanteloup-en-Brie,,Francia,48.8665132,2.7318295
Balconi Nerviano,"Via La Guardia, 20014 Nerviano MI, Italia",Nerviano,MI,Italia,45.5508917,8.9957135
Balestrini Chimica Ossona,"Via Arturo Toscanini, 2, 20010 Ossona MI, Italia",Ossona,MI,Italia,45.5083185,8.8792155
Balocco Fossano,"Strada Vicinale del Leone, 12045 Fossano CN, Italia",Fossano,CN,Italia,44.5639397,7.7310717
Barilla Castiglione delle Stiviere,"Via Giuseppe Mazzini, 56/58, 46043 Castiglione delle Stiviere MN, Italia",Castiglione delle Stiviere,MN,Italia,45.3698539,10.5082978
Barilla France Saint Vulbas,"Av. des Bergeries, 01150 Saint-Vulbas, Francia",Saint-Vulbas,,Francia,45.846150784244,5.2854417113464
Barilla Melfi,"SP111, 85025 Zona Industriale San Nicola PZ, Italia",Zona Industriale San Nicola,PZ,Italia,41.0726185,15.6937713
Barilla Novara,"Corso Vercelli, 101, 28100 Novara Nordovest, Italia",Novara Nordovest,,Italia,45.4267871,8.5802855
Baronie,"Galvanistraat 15, 3029 AD Rotterdam, Paesi Bassi",Rotterdam,,Paesi Bassi,51.9118115,4.4313151
Barry Gravelines,"Francia, 59820 Gravelines, Route du D?loppement",Gravelines,,,50.992197,2.1623311
BARRY CALLEBAUT HAMBURG,"Georgswerder Damm 1, 20539 Amburgo, Germania",Amburgo,,Germania,53.5291385,10.0271864
Barry Callebaut Banbury,"21B Wildmere Road, Banbury, Oxfordshire OX16 3XR, Regno Unito",Oxfordshire OX16 3XR,,Regno Unito,52.0752425,-1.3201576
BARRY CALLEBAUT DIJON,"Voie Georges Pompidou, 21000 Digione, Francia",Digione,,Francia,47.3464933,5.0679577
Barry Callebaut Gurb-Vic,"Carr. Nacional 152, Km 71, 08503, Barcelona, Spagna",Barcelona,,Spagna,41.960637090606,2.2499225767076
Barry Callebaut Louviers,"Francia, 27400 Louviers, 830-840 Rue de la Mécanique",Louviers,,,49.2307864,1.166372
BARRY CALLEBAUT MEULAN,"Rue Denis Papin, 78250 Hardricourt, Francia",Hardricourt,,Francia,49.002566,1.8969403
Barry Callebaut Wieze Lebbeke,"Aalstersestraat 122, 9280 Lebbeke, Belgio",Lebbeke,,Belgio,50.9803818,4.0949596
Barry Callebaut Zundert,"De Ambachten 9, 4881 XZ Zundert, Paesi Bassi",Zundert,,Paesi Bassi,51.4637455,4.6484433
Barry Dubendorf,"Ringwiesenstrasse 2-10, 8600 Dübendorf, Svizzera",Dübendorf,,Svizzera,47.3974627,8.6048562
BARRY HALLE,"N6 450, 1500 Halle, Belgio",Halle,,Belgio,50.7504548,4.2466357
BARRY MORETON,"63 Pasture Ave, Moreton, Wirral CH46 8SQ, Regno Unito",Wirral CH46 8SQ,,Regno Unito,53.4084713,-3.1102376
BARRY NORDERSTEDT,"Am Stammgleis 6, 22844 Norderstedt, Germania",Norderstedt,,Germania,53.7359468,10.0167635
Barry Polonia Lodz,"Nowy Józefów 34, Łódź, Polonia",Łódź,,Polonia,51.7336756,19.3566336
Barry Verbania,"Via Felice Cavallotti, 28921 Pallanza VB, Italia",Pallanza,VB,Italia,45.9387893,8.5770971
BASF BOUSSENS,"D62N, 31360 Boussens, Francia",Boussens,,Francia,43.1698858,0.9696975
BASF CASSINA RIZZARDI,"Via Livescia, 15, 22073 Fino Mornasco CO, Italia",Fino Mornasco,CO,Italia,45.7456738,9.0408595
Bayer Gemüse- und Fruchtsaft GmbH Ditzingen Heimerdingen,"Raiffeisenweg 2 + 3, 71254 Ditzingen, Germania",Ditzingen,,Germania,48.8509695,8.9852008
BDF Nivea Trescantos,"Spagna, 28760 Tres Cantos, Av de la Industria, 31",Tres Cantos,Av de la Industria,,40.6125767,-3.6994688
Becker Bester Eisleben,"Alleebreite 15, 06295 Eisleben, Lutherstadt, Germania",Eisleben,Lutherstadt,Germania,51.514024,11.5879358
beckers best GmbH Norten-Hardenberg,"Ob. Dorfstraße 43, 37176 Nörten-Hardenberg, Germania",Nörten-Hardenberg,,Germania,51.633174173187,9.9081270964858
Beiersdorf Manufacturing Amburgo,"Beiersdorfstraße 2, 22529 Hamburg, Germania",Hamburg,,Germania,53.5836709,9.9608884
BELGOMILK KALLO,"Fabriekstraat 141, 9120 Beveren, Belgio",Beveren,,Belgio,51.2591316,4.273923
BELGOMILK SCHOTEN,"Wasserijstraat 15, 2900 Schoten, Belgio",Schoten,,Belgio,51.238737,4.4735028
BERLINGER San Casciano in Val di pesa,"SP3, 4, 50026 San Casciano in Val di pesa FI, Italia",San Casciano in Val di pesa,FI,Italia,43.6326433,11.2723878
BERLINGER DEPOSITO,"SP 92 Grevigiana per Mercatale, 50026 San Casciano in Val di pesa FI, Italia",San Casciano in Val di pesa,FI,Italia,43.628492,11.2593578
BIMBO MONTEROTONDO,"Via Bruno Pontecorvo, 17, 00015 Monterotondo RM, Italia",Monterotondo,RM,Italia,42.077945021332,12.599816734203
Bimbo QSR Bomporto,"Via Aldo Moro, 31, 41030 Villavara MO, Italia",Villavara,MO,Italia,44.7402093,11.0375996
"BIOAGRA OIL S.A. 43-100 Tychy, Polonia","Metalowa 3, 43-100 Tychy, Polonia",43-100 Tychy,,Polonia,50.1047923,19.0222543
Biochem - Lohne,"Brägeler Forst 13, 49393 Lohne (Oldenburg), Germania",Lohne (Oldenburg),,Germania,52.6843225,8.2719776
BIOLAIT SAS La Jumellerie,"La Mocqueterie, 49120 Chemillé-en-Anjou, Francia",Chemillé-en-Anjou,,Francia,47.275907182281,-0.72947144262238
BIOLICA SAN GENESIO (PV),"Via per Due Porte, 24, 27010 San Genesio ed Uniti PV, Italia",San Genesio ed Uniti,PV,Italia,45.2306519,9.1875764
Biorganic Palermo,"Via Zaban Vittorio, 8-12, Zona Industriale Brancaccio, 90124 Palermo, Italia",Palermo,,Italia,38.0903558,13.4015115
Biraghi SPA Cavallermaggiore,"Via Cuneo, 1, 12030 Cavallermaggiore CN, Italia",Cavallermaggiore,CN,Italia,44.700324969405,7.6876641692016
Biscottificio Baroni Albaredo d' Adige,"Via Rivalta, 8, 37041 Michellorie VR, Italia",Michellorie,VR,Italia,45.28753,11.3012695
Biscottificio Gandola Rudiano (BS),"Strada Provinciale 2, 25030 Rudiano BS, Italia",Rudiano,BS,Italia,45.5014102,9.8774602
BISSARDON JUS DE FRUITS SAS,"195 impasse de l'artisanat, 42740 Saint-Paul-en-Jarez, Francia",Saint-Paul-en-Jarez,,Francia,45.4901953,4.567917
BNE GEISENFELD,"St2335, 85290 Geisenfeld, Germania",Geisenfeld,,Germania,48.6998175,11.5658625
BODEGA UNION CAMPESINA INIESTENSE,"C. San Ildefonso, 2, 16235 Iniesta, Cuenca, Spagna",Iniesta,Cuenca,Spagna,39.443657093104,-1.7528095324928
BODEGAS EL TANINO,"C. Diseminados, 147, 02696 Hoya-Gonzalo, Albacete, Spagna",Hoya-Gonzalo,Albacete,Spagna,38.955928085081,-1.5489089562166
BON GELATI HAAREN WALDFEUCHT,"Entenpfuhl 19-1, 52525 Waldfeucht, Germania",Waldfeucht,,Germania,51.0841865,6.0491205
Bonizzi S.r.l. Soncino,"Via Bergamo, 6, 26029 Soncino CR, Italia",Soncino,CR,Italia,45.4030868,9.8717833
Bordoni Italia Ginestra Fiorentina,"Via degli Artigiani, 14, 50055 Ginestra Fiorentina FI, Italia",Ginestra Fiorentina,FI,Italia,43.7055335,11.08387
Borghi Mario Scandicci (FI),"Strada Provinciale Val di Pesa, 50018 San Vincenzo A Torri FI, Italia",San Vincenzo A Torri,FI,Italia,43.6979067,11.1005845
Borgo Imperiale Motta Baluffi,"Via delle Brede, 6, 26045 Motta Baluffi CR, Italia",Motta Baluffi,CR,Italia,45.0593477,10.2408078
BOTALLA FORMAGGI Mongrando,"Via Mombarone, 13888 Mongrando BI, Italia",Mongrando,BI,Italia,45.523880571153,8.0189712123087
Botter Carlo,"Italia, 30020 Fossalta di Piave VE, Via Luigi Cadorna, 38",Fossalta di Piave VE,Via Luigi Cadorna,,45.6404049,12.5051201
BRAMARDI San Defendente di Cervasca,"Via Nazionale, 76E, 12010 Cervasca CN, Italia",Cervasca,CN,Italia,44.3943899,7.5022336
Brangeon Transport and Logistics,"49 Rte des Industries, 27210 Saint-Maclou, Francia",Saint-Maclou,,Francia,49.3562243,0.4004709
Breitenburger Milchzentrale Itzehoe,"De-Vos-Str. 12, 25524 Itzehoe, Germania",Itzehoe,,Germania,53.9064048,9.4869233
Brenntag Francoforte,"Carl-Benz-Straße 8, 60314 Frankfurt am Main, Germania",Frankfurt am Main,,Germania,50.1218255,8.748511
Brenntag Trezzano S. Naviglio,"Via Giambattista Pergolesi, 20090 Trezzano Sul Naviglio MI, Italia",Trezzano Sul Naviglio,MI,Italia,45.4167158,9.0554226
Brenntag Vitrolles,"30 Boulevard de l'Europe, 13127 Vitrolles, Francia",Vitrolles,,Francia,43.4358686,5.2424006
Brentag Vejle DK,"Østerbrogade 12, 7100 Vejle, Danimarca",Vejle,,Danimarca,55.7084393,9.5453358
Bueren,"Buraniaweg 7, 33142 Büren, Germania",Büren,,Germania,51.5616193,8.5596091
Bunge Deutchland Mannheim,"Bonadiesstraße 5, 68169 Mannheim, Germania",Mannheim,,Germania,49.5051521,8.4511831
BUNGE IBERICA BILBAO,"Punta Sollana Kalea, 9, 48508 Zierbena, Bizkaia, Spagna",Zierbena,Bizkaia,Spagna,43.3588862,-3.0847192
Bunge Loders Croklaan Wormerveer,"Paesi Bassi, 1521 Wormerveer, Zaandijkerweg 36",Wormerveer,,,52.4837261,4.8102047
BUNGE RAVENNA,"Via Baiona, 226-260, 48123 Area Industriale RA, Italia",Area Industriale,RA,Italia,44.4814718,12.2608869
Bunge Soy Plant Amsterdam,"Coenhavenweg 1, 1013 BK Amsterdam, Paesi Bassi",Amsterdam,,Paesi Bassi,52.401489290886,4.8645020068046
Buratti Vimercate,"Via Trieste, 66, 20871 Vimercate MB, Italia",Vimercate,MB,Italia,45.6163995,9.3602691
Burg Ter Aar,"Hoekse Aarkade 5, 2461 ET Ter Aar, Paesi Bassi",Ter Aar,,Paesi Bassi,52.1813198,4.7295089
C.T. Logistics Serra Riccò,"Via Rivo Rocca Corte, 1, 16010 Pedemonte GE, Italia",Pedemonte,GE,Italia,44.505829369269,8.9303017641014
CA.PLAC LUCCA,"Via della Circonvallazione, 1, 55012 Capannori LU, Italia",Capannori,LU,Italia,43.8175275,10.5857973
CAFFAREL LUSERNA SAN GIOVANNI,"Via G. Gianavello, 41, 10062 Airali TO, Italia",Airali,TO,Italia,44.8176301,7.2453828
Caldirola Missaglia,"Italia, 23873 Missaglia LC, Via San Bartolomeo, 38",Missaglia LC,Via San Bartolomeo,,45.6996632,9.331417
CAM Caseificio Artigianale Morozzese MOROZZO,"Via Mondovì, 69, 12040 Morozzo CN, Italia",Morozzo,CN,Italia,44.4265483,7.7264012
Camille Bloch Courtelary,"Grande-Rue 21, 2608 Courtelary, Svizzera",Courtelary,,Svizzera,47.1757185,7.064801
Cantina CINCINNATO CORI,"Via le Pastine, 04010 Cisterna di Latina LT, Italia",Cisterna di Latina,LT,Italia,41.6343106,12.9000328
Cantina Antinori Marchesi Cortona,"SP10/B, 50, 52044 Cortona AR, Italia",Cortona,AR,Italia,43.2077621,11.9433918
Cantina BARBANERA CETONA,"Strada Provinciale 82, 16, 53040 San Casciano dei bagni SI, Italia",San Casciano dei bagni,SI,Italia,42.9026163,11.9300533
Cantina Bartoli Bruno,"Via Lungovalle, 13, 56029 Santa Croce sull'Arno PI, Italia",Santa Croce sull'Arno,PI,Italia,43.7389573,10.7636548
"Cantina CO.VIV. Via General Vittorio Fiorone, 10, 31044 Montebelluna TV","Via General Vittorio Fiorone, 10, 31044 Montebelluna TV, Italia",Montebelluna,TV,Italia,45.7897854,12.0632516
Cantina Colapietro Noicattaro(BA),"Strada Provinciale 99, 70016 Noicattaro BA, Italia",Noicattaro,BA,Italia,41.0224332,16.9651278
Cantina Coli Tavarnelle val di Pesa,"Via Benvenuto Cellini, 149, 50028 Tavarnelle Val di Pesa FI, Italia",Tavarnelle Val di Pesa,FI,Italia,43.585655,11.1996955
Cantina Collemoro Frisia Gustameroli,"Via del Mare, 32, 66030 Guastameroli CH, Italia",Guastameroli,CH,Italia,42.27272,14.3886449
Cantina Del Trasimeno,"Via Roma, 236, 06061 Castiglione del Lago PG, Italia",Castiglione del Lago,PG,Italia,43.1174251,12.0388185
CANTINA DELLA BARDULIA VIA FOGGIA 118 76121 BARLETTA,"Via Foggia, 114, 76121 Barletta BT, Italia",Barletta,BT,Italia,41.323718,16.2351732
CANTINA DI JESOLO,"Via Niccolò Paganini, 30, 30016 Jesolo VE, Italia",Jesolo,VE,Italia,45.5395258,12.6490111
Cantina di Conselice,"Via Frattina, 48017 Conselice RA, Italia",Conselice,RA,Italia,44.5048713,11.8217385
Cantina di Miglianico,"Contrada Cagialone, 2-130, 66010 Miglianico CH, Italia",Miglianico,CH,Italia,42.3548348,14.2878028
Cantina Frentana Rocca San Giovanni,"Contrada Perazza, 66020 Rocca San Giovanni CH, Italia",Rocca San Giovanni,CH,Italia,42.2422167,14.4577303
Cantina LULLI SILVANO CORI (RM),"Via Annunziata, 66, 04010 Cori LT, Italia",Cori,LT,Italia,41.6380242,12.8736985
Cantina Madonna del Carmine Lanciano,"Via Nasuti, 66034 Sant'amato-nasuti CH, Italia",Sant'amato-nasuti,CH,Italia,42.2320692,14.3543771
Cantina Poggio Argentale Lamporecchio (PT),"Via di Farabonzi, 51035 Lamporecchio PT, Italia",Lamporecchio,PT,Italia,43.8022833,10.8950511
Cantina Roxan Rosciano (CH),"Strada Provinciale 19, 65020 Rosciano PE, Italia",Rosciano,PE,Italia,42.3341248,14.039516
Cantina S.Giacomo Rocca San Giovanni,"Contrada San Giacomo Novella, 41, 66020 Novella II CH, Italia",Novella II,CH,Italia,42.2535343,14.4379556
Cantina S.Nicola Pollutri,"A14 Bologna - Taranto, 66054 Vasto CH, Italia",Vasto,CH,Italia,42.1427607,14.6423099
Cantina S.Pietro Ortona,"Strada Provinciale San Tommaso, 66026 Ortona CH, Italia",Ortona,CH,Italia,42.3610964,14.3724781
CANTINA SAN PANFILO SCERNI,"Contrada Ragna, 61, 66020 Scerni CH, Italia",Scerni,CH,Italia,42.0995676,14.600558
CANTINA SAN ZEFFERINO ORTONA,"Strada Statale 538, 34, 66026 Villa Caldari CH, Italia",Villa Caldari,CH,Italia,42.3022574,14.3620441
Cantina San Zefferino Soc. Coop. Agricola - Villa Caldari Stazione - 66026 ORTONA,"SS538, 66026 Ortona CH, Italia",Ortona,CH,Italia,42.3039223,14.3626549
Cantina San Zenone Montenero di Bisaccia,"Strada Statale 157, 2, 86036 Montenero di bisaccia CB, Italia",Montenero di bisaccia,CB,Italia,41.9816775,14.7866171
Cantina Sannitica Canosa Sannitica,"Via San Moro, 66010 Canosa Sannita CH, Italia",Canosa Sannita,CH,Italia,42.2874197,14.306889
CANTINA SOCIALE DI TOLLO,"Via Croce Vecchia, 33, 66010 Tollo CH, Italia",Tollo,CH,Italia,42.3405258,14.3225786
CANTINA SOCIALE DI ARI (CH),"Via S. Antonio, 136, 66010 Ari CH, Italia",Ari,CH,Italia,42.2752721,14.2502525
Cantina Sociale di Giuliano Teatino,"Via Roma, 50, 66010 Giuliano Teatino CH, Italia",Giuliano Teatino,CH,Italia,42.2946205,14.2755768
CANTINA SOCIALE DI MONTEFIASCONE,"SR2, 97, 01027 Montefiascone Viterbo, Italia",Montefiascone Viterbo,,Italia,42.5335886,12.0415765
CANTINA SOCIALE DI OFFIDA,"Viale della Repubblica, 70, 63073 Offida AP, Italia",Offida,AP,Italia,42.9291581,13.6999926
Cantina Sociale di Ortona,"Via Civiltà del Lavoro, 130, 66026 Ortona CH, Italia",Ortona,CH,Italia,42.3315011,14.39169
Cantina Sociale di Paglieta,"Via Senza Nome, 43D, 66020 Piano La Barca-carinci CH, Italia",Piano La Barca-carinci,CH,Italia,42.157554,14.4757171
CANTINA SOCIALE DI PITIGLIANO,"Via Firenze, 137, 58017 Pitigliano GR, Italia",Pitigliano,GR,Italia,42.6374218,11.6766331
Cantina Sociale di Solopaca,"Via Bebiana, 42, 82036 Solopaca BN, Italia",Solopaca,BN,Italia,41.1969076,14.5388731
Cantina Sociale di Vacri (CH),"Viale della Madonnina, 15, 66010 Vacri CH, Italia",Vacri,CH,Italia,42.2911778,14.2240916
Cantina Sociale di Villamagna,"Via Regina Margherita, 279, 66010 Villamagna CH, Italia",Villamagna,CH,Italia,42.328148,14.2366848
CANTINA SOCIALE S. MICHELE ARCANGELO VASTO,"Via Cervara, 38, 66054 Vasto CH, Italia",Vasto,CH,Italia,42.16435,14.6667083
Cantina Sociale Sincarpa Torrevecchia Teatina,"Via Torre, 71, 66010 Torrevecchia Teatina CH, Italia",Torrevecchia Teatina,CH,Italia,42.3810704,14.2027302
CANTINA SOCIALE VAL DI SANGRO ATESSA,"Via S. Silvestro Monte, 46, 66041 Monte Marcone CH, Italia",Monte Marcone,CH,Italia,42.1267039,14.4284186
CANTINA SOCIALE VALDARNO,"Via Ponte alle Forche, 25a, 52027 San Giovanni Valdarno AR, Italia",San Giovanni Valdarno,AR,Italia,43.573916442196,11.517193148145
Cantina Valdadige,"Via Don C. Scala, 37, 37020 Brentino Belluno VR, Italia",Brentino Belluno,VR,Italia,45.660129,10.8947932
Cantina Valentina Passalacqua Apricena,"Strada senza nome, 71011 Apricena FG, Italia",Apricena,FG,Italia,41.770273069241,15.469013931793
Cantina Valsinello Pollutri,"A14, 66020 Vasto CH, Italia",Vasto,CH,Italia,42.1543799,14.6386992
Cantina Villafranca Cecchina di Albano Laziale,"Via dei Gigli, 00041 Albano laziale RM, Italia",Albano laziale,RM,Italia,41.7014108,12.6289908
CANTINA VINI TIPICI ARETINO,"SP21, 52100 Arezzo AR, Italia",Arezzo,AR,Italia,43.467779,11.8180532
Cantine Bonacchi Quarrata,"Via Colli Mozzi, 51039 Quarrata PT, Italia",Quarrata,PT,Italia,43.8571522,10.948184
Cantine Brusa Toscanella di Dozza,"Italia, 40060 Dozza BO, Via Emilia",Dozza,BO,,44.376167,11.6587618
Cantine Pirovano,"Via dei Pini, 8, 23885 Arlate LC, Italia",Arlate,LC,Italia,45.7286968,9.4376298
Cantine Riunite - Campegine,"Via J.F.Kennedy, 3, 42040 Caprara RE, Italia",Caprara,RE,Italia,44.7743148,10.5122231
Cantine Sgarzi Luigi Castel San Pietro,"Via Bernarda, 1650, 40024 Castel San Pietro Terme BO, Italia",Castel San Pietro Terme,BO,Italia,44.402884187085,11.624963111049
Capetta Mario SPA Borgonovo,"Via Santa Maria del Piano, 15, 12052 Borgonovo CN, Italia",Borgonovo,CN,Italia,44.719078980049,8.1194484949173
CAPRA HALEN,"Stadsbeemd 1021, 3545 Halen, Belgio",Halen,,Belgio,50.9495249,5.1017975
Carapelli Inveruno,"Corso Italia, 20010 Inveruno MI, Italia",Inveruno,MI,Italia,45.5093148,8.8614295
Cargill Barby,"Monplaisirstraße 22, 39249 Barby (Elbe), Germania",Barby (Elbe),,Germania,51.9857672,11.8781861
Cargill Bergen op Zoom,"Paesi Bassi, 4612 Bergen op Zoom, Lelyweg 31",Bergen op Zoom,,,51.5066691,4.2602679
CARGILL BERLIN,"Flottenstraße 24G, 13407 Berlin, Germania",Berlin,,Germania,52.5798921,13.355462
Cargill Botlek Rotterdam,"welplaatweg,34 3197 ks rotterdam",welplaatweg,,,51.8811855,4.2832584
Cargill Castelmassa,"Italia, 45035 Castelmassa RO, Via Cerestar",Castelmassa,RO,,45.0240006,11.3176454
Cargill Cherasco (CN),"Strada Provinciale 58, 12, 12062 Cherasco CN, Italia",Cherasco,CN,Italia,44.6522301,7.869116
Cargill Chocolate Belgium Mouscron,"Drève Gustave Fache 13, 7700 Mouscron, Belgio",Mouscron,,Belgio,50.7435306,3.2520652
Cargill Cocoa Hamburg,"Efftingestraße 40, 22041 Amburgo, Germania",Amburgo,,Germania,53.573704,10.0841721
CARGILL FRANCE ROUEN LE GRAND QUEVILLY,"1 Avenue Paul Delorme, 76120 Le Grand-Quevilly, Francia",Le Grand-Quevilly,,Francia,49.4035526,1.0303998
Cargill Frankfurt,"Hoechster-Farben-Straße 5, 65931 Frankfurt am Main, Germania",Frankfurt am Main,,Germania,50.0917373,8.521035
Cargill Hamburg,"Seehafenstraße 2-6, 21079 Amburgo, Germania",Amburgo,,Germania,53.4676507,9.9754319
Cargill Izegem,"Zuidkaai 56, 8870 Izegem, Belgio",Izegem,,Belgio,50.9237822,3.2093431
CARGILL KREFELD,"Düsseldorfer Str. 193, 47809 Krefeld, Germania",Krefeld,,Germania,51.338978668856,6.6633409234971
Cargill Lechitin Hamburg,"Ausschläger Elbdeich 64, 20539 Hamburg, Germania",Hamburg,,Germania,53.5300551,10.0478265
Cargill Mainz,"Rheinallee 124, 55120 Magonza, Germania",Magonza,,Germania,50.0274006,8.2272325
Cargill Reus,"Carrer d'Adrià Gual, 2B, 43206 Reus, Tarragona, Spagna",Reus,Tarragona,Spagna,41.1607353,1.0790291
Cargill Salzgitter,"Rüdekenstraße 51, 38239 Salzgitter, Germania",Salzgitter,,Germania,52.1932043,10.428385
Cargill Santa Maria a Mugnano (Modena),"Strada Statale 724dir, 41126 Modena MO, Italia",Modena,MO,Italia,44.6050831,10.912199
CARGILL SAS VAN GENT,"Nijverheidsstraat 1, 4551 LA Sas van Gent, Paesi Bassi",Sas van Gent,,Paesi Bassi,51.2379468,3.8038415
Cargill Wormer,"Eenhoornweg 7, 1531 Wormer, Paesi Bassi",Wormer,,Paesi Bassi,52.4972922,4.7984705
"CARLETTI Skodstrup, Danimarca","Grenåvej 641, 8541 Skødstrup, Danimarca",Skødstrup,,Danimarca,56.2584955,10.3017687
Cas Castagnaro,"Via Borgonovo, 78-82, 37043 Castagnaro VR, Italia",Castagnaro,VR,Italia,45.1270456,11.3958999
casa di LEO,"Via S. G. Bosco, 29, 30030 Pianiga VE, Italia",Pianiga,VE,Italia,45.4577407,12.0401763
CASA VINICOLA CICCARIELLO VELLETRI,"Via Pratolungo, 118, 00049 Velletri RM, Italia",Velletri,RM,Italia,41.6402936,12.8007821
Casa vinicola Zonin Gambellara,"Via Borgolecco, 19, 36053 Gambellara VI, Italia",Gambellara,VI,Italia,45.461197166969,11.336636653825
Casale Vallechiesa Frascati,"Diramazione Roma Sud, Monte Porzio Catone RM, Italia",Monte Porzio Catone RM,,Italia,41.8274442,12.686329
Casalini Orzinuovi,"Via Don Emilio Baggio, 25034 Orzinuovi BS, Italia",Orzinuovi,BS,Italia,45.4057161,9.9467955
CASCINA ITALIA S.P.A. SPIRANO,"Via Campo Romano, 10, 24050 Spirano BG, Italia",Spirano,BG,Italia,45.5949437,9.6637345
Caseificio Albiero srl Montorso,"Via Motti, 19, 36050 Montorso vicentino VI, Italia",Montorso vicentino,VI,Italia,45.493523655292,11.341314859423
Caseificio Busti spa Acciaolo,"Via G. Marconi, 13/a/b, 56043 Acciaiolo PI, Italia",Acciaiolo,PI,Italia,43.551085166806,10.508911725838
Caseificio dell'Alta Langa Bosia,"Via Provinciale, 17, 12050 Bosia CN, Italia",Bosia,CN,Italia,44.5896492,8.1436601
Caseificio Latini Grumello del Monte,"Via Brescia, 51, 24064 Grumello del Monte BG, Italia",Grumello del Monte,BG,Italia,45.6220148,9.8810384
Castelli del Grevepesa - Azienda vinicola nel Chianti Classico,"Via Gabbiano, 34, 50026 San Casciano in Val di pesa FI, Italia",San Casciano in Val di pesa,FI,Italia,43.6302372,11.2731442
Catalent Aprilia,"Via Monti Ernici, 19, 04011 Aprilia LT, Italia",Aprilia,LT,Italia,41.604512,12.6486505
Cavanna Olii Casella,"Via Circonvallazione, 5, 16015 Casella GE, Italia",Casella,GE,Italia,44.5366294,8.9926386
CAVIM Soc. Coop. Agricola SASSO MORELLI IMOLA,"Via Correcchio, 54, 40026 Sasso Morelli BO, Italia",Sasso Morelli,BO,Italia,44.4143828,11.7337558
CECCHI CASTELLINA IN CHIANTI,"SP51, 53011 Castellina in Chianti SI, Italia",Castellina in Chianti,SI,Italia,43.417541,11.2192045
Celeste Dono Terruzzi Mariano Comense,"Via Giosuè Carducci, 11, 22066 Mariano Comense CO, Italia",Mariano Comense,CO,Italia,45.6994743,9.172602
CEMOI CONFISEUR S.A. TROYES,"1 Avenue des Tirverts, 10150 Pont-Sainte-Marie, Francia",Pont-Sainte-Marie,,Francia,48.3134083,4.0834943
CENTRE OUEST CEREALES S.A.,"La Gare, 86190 Chalandray, Francia",Chalandray,,Francia,46.6647899,-0.007401
CEREAL DOCKS CAMISANO,"Via Ca' Marzare, 2, 36043 Camisano Vicentino VI, Italia",Camisano Vicentino,VI,Italia,45.5105636,11.7054572
CEREAL DOCKS MARGHERA,"Via Banchina dei Molini, 19, 30175 Venezia VE, Italia",Venezia,VE,Italia,45.4680351,12.2326003
CEREAL DOCKS SAN PIETRO DI MORUBIO,"Via Orti, 1, 37050 San Pietro di Morubio VR, Italia",San Pietro di Morubio,VR,Italia,45.2438232,11.1945177
CEREAL PARTNERS FRA (ITANCOURT),"D576, 02240 Urvillers, Francia",Urvillers,,Francia,49.8033108,3.3311268
CEVICO LUGO (RA),"Strada Provinciale 26, 85, 48022 Lugo RA, Italia",Lugo,RA,Italia,44.4383935,11.8908706
CEWO WORTMANN Gmbh & CO KG,"A2, 59069 Hamm, Germania",Hamm,,Germania,51.6383366,7.8940676
CHEMIA S.P.A.,"Strada Statale, 327, 44047 Area Industriale Dosso FE, Italia",Area Industriale Dosso,FE,Italia,44.779684,11.3577038
CHEMIA S.P.A. DOSSO,"Strada Statale, 327, 44047 Area Industriale Dosso FE, Italia",Area Industriale Dosso,FE,Italia,44.779684,11.3577038
Chocolarium Maestrani Flawil,"Toggenburgerstrasse 41, 9230 Flawil, Svizzera",Flawil,,Svizzera,47.4133236,9.165123
CHOCOLATE & TRUFA S.L.,"Calle Alcalde Juan Vallejo, 66C, 23660 Alcaudete, Jaén, Spagna",Alcaudete,Jaén,Spagna,37.5823796,-4.0795678
CHOCOVIC GURB,"N-152, 08503 Gurb, Spagna",Gurb,,Spagna,41.9608491,2.2508708
CITRUCO GENT,"Geeraard van Den Daelelaan 990, 9000 Gent, Belgio",Gent,,Belgio,51.0949725,3.7535505
CITRUS JUICES(NAVA DOMENICO),"Str. Santa Domenica, 15, 89135 Reggio di Calabria RC, Italia",Reggio di Calabria,RC,Italia,38.1770938,15.6777508
Cleys Ozzero,"Via Luigi Galvani, 4, 20080 Ozzero MI, Italia",Ozzero,MI,Italia,45.3585755,8.9133607
CO.DA.P. Marcianise,"SP60, 81025 Marcianise CE, Italia",Marcianise,CE,Italia,41.0048661,14.3088046
COIM Offanengo,"Italia, 26010 Offanengo CR, Via Ricengo, 28",Offanengo CR,Via Ricengo,,45.387483,9.7387765
Colgate Palmolive Anzio,"Via V Miglia, 84, 00042 Anzio RM, Italia",Anzio,RM,Italia,41.5134926,12.6279795
COLLI FIORENTINI MONTESPERTOLI,"Via Granocchiaia, 34, 50025 Montespertoli FI, Italia",Montespertoli,FI,Italia,43.6250933,11.1215263
COMERCIAL DE PRODUCTOS S.A. PATERNA,"Carretera València-Ademuz-Peixad, 17, 46980 Paterna, Valencia, Spagna",Paterna,Valencia,Spagna,39.5410716,-0.4608425
Compagnia lattiero casearia Roccafranca,"Via Roccafranca, 16b, 25030 Roccafranca BS, Italia",Roccafranca,BS,Italia,45.4511438,9.9305043
Conditorei Coppenrath & Wiese Mettingen,"Hansastraße 10, 49497 Mettingen, Germania",Mettingen,,Germania,52.313622141677,7.7991065042053
Configirona SA,"GI-532, 10, 17164 Bonmatí, Girona, Spagna",Bonmatí,Girona,Spagna,41.9711932,2.6698943
CONO Kaasmakers Rijperweg 20 1464 MB WESTBEEMSTER,"Rijperweg 23, 1464 MB Westbeemster, Paesi Bassi",Westbeemster,,Paesi Bassi,52.5560978,4.8754328
Conserve Italia Ravarino,"Via S. Rocco, 598, 41017 Ravarino MO, Italia",Ravarino,MO,Italia,44.7200526,11.0956018
Continental juice BV,"IJselstraat 15-25, 3029 BM Rotterdam, Paesi Bassi",Rotterdam,,Paesi Bassi,51.9058851,4.4401533
CONXENTRA SRL VIA MANDRAGO 1 CANEDOLE DI ROVERBELLA,"Strada Mandrago, 1, 46048 Roverbella MN, Italia",Roverbella,MN,Italia,45.2374728,10.8532115
Coop La Guardiense - Guardia Sanframondi,"SS87, 75, 82034 Tre Pietre BN, Italia",Tre Pietre,BN,Italia,41.2502289,14.5747716
Coop Lattiero -Casearia Konskie,"Zielona 11, 26-200 Końskie, Polonia",26-200 Końskie,,Polonia,51.2008472,20.4192845
COOP. NTRA. SRA. DE GUADALUPE BAENA,"A-305, 14850 Baena, Spagna",Baena,,Spagna,37.6284754,-4.2822562
Cooperativa Alta Alcarria Valdeolivas,"CM-2023, 16813 Valdeolivas, Cuenca, Spagna",Valdeolivas,Cuenca,Spagna,40.5055175,-2.4505081
Cooperativa Olivera Y Caja Rural San Isidro,"Calle Nicasio Perea, 2, 13740 Torrenueva, Cdad. Real, Spagna",Torrenueva,Cdad. Real,Spagna,38.6438215,-3.3648036
COPRA CALISESE DI CESENA,"Via Cavecchia, 75, 47521 Cesena FC, Italia",Cesena,FC,Italia,44.110067423971,12.312724200065
CORMAN D.S. GOE,"Nantistay, 4834 Limbourg, Belgio",Limbourg,,Belgio,50.6030193,5.9701728
Corporació Alimentària Guissona Lerida,"Av. Verge del Claustre, 73, 25210 Guissona, Lleida, Spagna",Guissona,Lleida,Spagna,41.7888494,1.2867854
Costanza Ovada,"SP155, 53, 15076 Castelletto D'orba AL, Italia",Castelletto D'orba,AL,Italia,44.6562258,8.6573127
CREA Cervasca,"Via Cuneo, 114, 12010 Cervasca CN, Italia",Cervasca,CN,Italia,44.3873678,7.4976727
CREAMY BV Rijkevoort,"Hoogeindsestraat 33, 5447 PE Rijkevoort, Paesi Bassi",Rijkevoort,,Paesi Bassi,51.663252,5.915133
CREMER OLEO WITTEN,"Arthur-Imhausen-Straße 41, 58453 Witten, Germania",Witten,,Germania,51.4411381,7.355223
Crespel & Deiters Gmb D-49479 IBBENBUEREN H & Co,"Groner Allee 83, 49479 Ibbenbüren, Germania",Ibbenbüren,,Germania,52.26368,7.7046692
Crown of Holland - Middenmeer,"Agriport 161, 1775 TA Middenmeer, Paesi Bassi",Middenmeer,,Paesi Bassi,52.7571465,5.0387281
CSM,"Via Miglioli, 26841 Casalpusterlengo LO, Italia",Casalpusterlengo,LO,Italia,45.192468,9.6509676
CSM Italia Crema,"Italia, 26013 Crema CR, Viale Santa Maria della Croce",Crema,CR,,45.3677622,9.6976706
D.R.T LESPERON,"150 Chemin du Bouscat, 40260 Lesperon, Francia",Lesperon,,Francia,43.9916691,-1.0361916
Dako AG Am Klingenbach 2 D-97353 Wiesentheid,"Am Klingenbach 7, 97353 Wiesentheid, Germania",Wiesentheid,,Germania,49.7836658,10.3377308
Dalla Bona Carpenedolo,"Via G. Battista Meli, 102, 25013 Cornali BS, Italia",Cornali,BS,Italia,45.3493619,10.4338968
DALS KONFEKTYR AB Bengtsfors,"Strömgatan 10, 666 31 Bengtsfors, Svezia",31 Bengtsfors,,Svezia,59.024167,12.2417333
Dan Cake Polonia CHRZANOW,"Ireny Sendlerowej, 32-500 Chrzanów, Polonia",32-500 Chrzanów,,Polonia,50.127737956329,19.426320775583
Danone Bailleul,"278 Rue Philippe Van Tieghem, 59270 Bailleul, Francia",Bailleul,,Francia,50.72746253163,2.73042030531
Danone France Saint Just Chaleyssin,"60 Rte de Luzinay, 38540 Saint-Just-Chaleyssin, Francia",Saint-Just-Chaleyssin,,Francia,45.582942,4.994864
Danone France Ferrieres en Bray,"8 Route de Savignies, 76220 Ferrières-en-Bray, Francia",Ferrières-en-Bray,,Francia,49.4787366,1.7465258
DANONE N.V. - ROTSELAAR,"Spoorwegstraat 6, 3110 Rotselaar, Belgio",Rotselaar,,Belgio,50.942519208803,4.7266398519585
DANONE ROSENHEIM,"Schönfeldstraße 13-11, 83022 Rosenheim, Germania",Rosenheim,,Germania,47.856451,12.1349766
DAUDRY DUNKERQUE,"4530 Rue G Vancauwenbergue, 59640 Dunkerque, Francia",Dunkerque,,Francia,51.0023536,2.3239016
De Paoli Bolzano Vicentino,"Via Trieste, 4c, 36050 Bolzano Vicentino VI, Italia",Bolzano Vicentino,VI,Italia,45.5925711,11.637152
DE WAU GE GESUNDKOSTWERK,"Weinbergstraße, 39590 Tangermünde, Germania",Tangermünde,,Germania,52.5645833,11.9767337
DE-VAU-GE GESUNDKOSTWERK GMBH,"Weinbergstraße, 39590 Tangermünde, Germania",Tangermünde,,Germania,52.5646187,11.9766625
DEL CONTE CITTADELLA,"Via dell'Olmo, 25, 35013 Cittadella PD, Italia",Cittadella,PD,Italia,45.647402,11.8064053
Delicelait Moyon,"Zone d'Activité la Busnouvière, 50860 Moyon, Francia",Moyon,,Francia,49.0023734,-1.1108617
Delicia Tilburg,"Zevenheuvelenweg 53, 5048 AN Tilburg, Paesi Bassi",Tilburg,,Paesi Bassi,51.5880677,5.046891
DENKAVIT VOORTHUIZEN,"Tolnegenweg 63, 3781 PV Voorthuizen, Paesi Bassi",Voorthuizen,,Paesi Bassi,52.195509,5.6732243
Denkavit France Montreuil Bellay,"Rue du Canal, 49260 Montreuil-Bellay, Francia",Montreuil-Bellay,,Francia,47.1066742,-0.1025292
Denkavit Rovato,"Via 25 Aprile, 2, 25038 Rovato BS, Italia",Rovato,BS,Italia,45.560071864443,10.025313619077
DENTAL-Kosmetik GmbH Dresden,"Katharinenstraße 4, 01099 Dresden, Germania",Dresden,,Germania,51.0659458,13.7486993
DHW Rodleben Dessau Rosslau,"Brambacher Weg 1, 06861 Dessau-Roßlau, Germania",Dessau-Roßlau,,Germania,51.8818304,12.2120274
Di Cosimo Anagni,"<span onmouseover=""this.innerHTML = &quot;Com. le Osteria della Fontana Villa Magna Gorga, 62, 03012 Zona Industriale Paduni-selciatella FR, Italia&quot;;"" onmouseout=""this.innerHTML=&quot;Com. le Osteria della Fontana Villa Magna Gorga, 62, 03012 Z...&qu",62,,,41.7155547,13.132025
DI GIOIA SRL VIA RUTIGLIANO,"Via Rutigliano, 50, 70010 Cellamare BA, Italia",Cellamare,BA,Italia,41.019472,16.9308568
Diana Ei-Produkte Bonn,"Dorotheenstraße 245, 53119 Bonn, Germania",Bonn,,Germania,50.742751080975,7.079052019683
DLG Food oil Dronninglund,"Kvisselholtvej 90, 9330 Dronninglund, Danimarca",Dronninglund,,Danimarca,57.209147788882,10.373968084935
DMK EIS Everswinkel,"Münsterstraße 31A, 48351 Everswinkel, Germania",Everswinkel,,Germania,51.926772945517,7.834576591419
DMK Zeven,"Industriestraße 28, 27404 Zeven, Germania",Zeven,,Germania,53.2786103,9.3083976
DOBLA BELGIUM,"Lindekensbaan 91a, 2560 Nijlen, Belgio",Nijlen,,Belgio,51.1558528,4.6266882
Dohler Darmstadt,"Riedstraße 9, 64295 Darmstadt, Germania",Darmstadt,,Germania,49.858987432124,8.630439340335
Dohler Neuenkirchen GmbH,"Dorfstraße 21, 21763 Neuenkirchen, Germania",Neuenkirchen,,Germania,53.7788337,8.8945868
DOHLER OOSTERHOUT,"Reaalstraat 12, 4903 PZ Oosterhout, Paesi Bassi",Oosterhout,,Paesi Bassi,51.6278936,4.8760331
"Dohrn & Timm, Grossbeeren - Diedersdorf","Birkholzer Str. 2, 15831 Großbeeren, Germania",Großbeeren,,Germania,52.347256450712,13.35302025506
Dolcella Pont Saint Martin,"Via Cascine Dora, 11026 Pont-Saint-Martin AO, Italia",Pont-Saint-Martin,AO,Italia,45.5928880557,7.7867193142299
Dolcissimo Ossona,"Via Fratelli Cervi, 12-20, 20010 Ossona MI, Italia",Ossona,MI,Italia,45.5093633,8.8857656
Dolomites Milk Vandoies,"zona produttiva Rieper, 2, 39030 Vandoies BZ, Italia",Vandoies,BZ,Italia,46.81480670263,11.714985216134
DOLOMITI FRUIT NANNO,"Localita' Campagna, 3, 38010 Nanno TN, Italia",Nanno,TN,Italia,46.322634,11.0453068
Dolphin Perugia,"SR220, 06132 Perugia, Italia",Perugia,,Italia,43.0804413,12.3360665
DORSOGNA . SAN VITO CHIETINO,"Contrada Scalzino, 66020 Rocca San Giovanni CH, Italia",Rocca San Giovanni,CH,Italia,42.274285371513,14.438086927644
Dr Simmer Vechta,"Germania, 49377 Vechta, Schwichtelerstra? 14",Vechta,,,52.7784526,8.2323793
dsm-firmenich Leeuwarden,"Pallasweg 1, 8938 AS Leeuwarden, Paesi Bassi",Leeuwarden,,Paesi Bassi,53.200939735565,5.8515010036441
"DUKAT KIM, Mekušanska cesta 51, HR-47000 Karlovac","Ul. Gornje Mekušje 9, 47000, Karlovac, Croazia",Karlovac,,Croazia,45.4846495,15.5811441
Dulcioliva Borgo San Dalmazzzo,"Via Fratelli Rosselli, 63, 12011 Borgo San Dalmazzo CN, Italia",Borgo San Dalmazzo,CN,Italia,44.352976552464,7.5054457377601
Dutch Cocoa Amsterdam,"Ruijgoordweg 80, 1047 Amsterdam-Westpoort, Paesi Bassi",Amsterdam-Westpoort,,Paesi Bassi,52.410949,4.7581324
Dutch glycerin -Farmsum,"Oosterhorn 6, 9936 HD Farmsum, Paesi Bassi",Farmsum,,Paesi Bassi,53.315397190831,6.9623293398901
E.S.C.O. Pisa,"Via dei Tulipani, 1, 56128 Pisa PI, Italia",Pisa,PI,Italia,43.6010256,10.2943836
ECKES GRANINI 53773 Hennef,"Im Bröltal, 53773 Hennef (Sieg), Germania",Hennef (Sieg),,Germania,50.8014623,7.3363416
Eckes Granini Macon,"637-891 Rue des Frères Lumière, 71000 Mâcon, Francia",Mâcon,,Francia,46.2878755,4.815956
Eckes-Granini Bad Fallingbostel,"Pröhlsfeld 6, 29683 Bad Fallingbostel, Germania",Bad Fallingbostel,,Germania,52.859041,9.6887744
ECOFOX VASTO GLICERINA,"Unnamed Road, 66054 Zona Industriale Porto di Vasto CH, Italia",Zona Industriale Porto di Vasto,CH,Italia,42.1679228,14.7145478
ECOMOTION STERNBERG,"Brüeler Chaussee 3, 19406 Sternberg, Germania",Sternberg,,Germania,53.7102101,11.8159578
EDF MAN ESBJERG,"Vagervej 2, 6700 Esbjerg, Danimarca",Esbjerg,,Danimarca,55.4719301,8.4291848
EDMUND MERL GMBH & CO. Bruhl,"B51, 50321 Brühl, Germania",Brühl,,Germania,50.8333021,6.9272325
Egidio Galbani Guinzano,"Via Fratelli Cervi, 2, 27010 Guinzano PV, Italia",Guinzano,PV,Italia,45.2565709,9.1537909
Eigenmann & Veronelli S.P.A. ex Sintofarm,"SP18, 4, 47854 Monte Colombo RN, Italia",Monte Colombo,RN,Italia,43.9181918,12.5877906
EISBAER EIS PRODUKTIONS GMBH PLUMMENDORF,"Westring 4A, 18320 Ahrenshagen-Daskow, Germania",Ahrenshagen-Daskow,,Germania,54.2491273,12.500032
EL MOLINO SE SANTA CRUZ S.L.,"CP-113, 14820 Córdoba, Spagna",Córdoba,,Spagna,37.7366425,-4.6334223
ELAH DOUFUR NOVI LIGURE,"Strada Statale 35bis, 15067 Area Produttiva II AL, Italia",Area Produttiva II,AL,Italia,44.7449326,8.8171476
Elbmarsch Oelmuelhe Echem,"Gingweg 3, 21379 Echem, Germania",Echem,,Germania,53.3399801,10.5391439
ELLEDI S.P.A. Galiera Veneta,"Via Roma, 7, 35015 Galliera Veneta PD, Italia",Galliera Veneta,PD,Italia,45.6567238,11.815727
Emig Calvoerde,"Das Neue Land 5, 39359 Calvörde, Germania",Calvörde,,Germania,52.3900612,11.3062436
EMMELEV A/S OTTERUP,"Emmelevgyden 20, 5450 Otterup, Danimarca",Otterup,,Danimarca,55.53667,10.380469
Emmi Dessert Gattico,"Via Cascinetta, 44, 28013 Gattico NO, Italia",Gattico,NO,Italia,45.7091538,8.5385778
Emulsion Zierikzee,"Industrieweg 17, 4301 Zierikzee, Paesi Bassi",Zierikzee,,Paesi Bassi,51.6414004,3.9228154
ENAGRO -MEROCO Leopoldov,"Leopoldov,,liehovar, 920 41 Leopoldov, Slovacchia",41 Leopoldov,,Slovacchia,48.437899636422,17.754663500983
ENERVIT ERBA,"Viale Resegone, 11, 22036 Erba CO, Italy",Erba,CO,Italia,45.8077072,9.243125
ESAROM POLSKA,"Poznańska 15, Kruszwica, Polonia",Kruszwica,,Polonia,52.6705958,18.3217343
Eskigel Terni,"Via Augusto Vanzetti, 6, 05100 Terni TR, Italia",Terni,TR,Italia,42.5651516,12.613778
Eulip Parma,"Via Alfred Bernhard Nobel, 5/a, 43122 Parma PR, Italia",Parma,PR,Italia,44.8443189,10.3709945
Eurenco Bofors S.A.,"Centralvägen, 691 33 Karlskoga, Svezia",33 Karlskoga,,Svezia,59.3433142,14.5381282
Eurial Ingredients,"5425C La Bunouvière, 50860 Moyon Villages, Francia",Moyon Villages,,Francia,49.002596903268,-1.1096443560735
Eurocacao Castelgali,"Ctra. Vella, 93, 08295 Sant Vicenç de Castellet, Barcelona, Spagna",Sant Vicenç de Castellet,Barcelona,Spagna,41.6701073,1.8524208
Eurocakes Fagagna,"Via Anna Bortolotti, 59, 33034 Fagagna UD, Italia",Fagagna,UD,Italia,46.10637,13.0880618
EuroCosmetic Trenzano,"Via dei Dossi, 16, 25030 Trenzano BS, Italia",Trenzano,BS,Italia,45.4728516,9.9917688
EUROLAT LINDLAR,"Hommericher Str. 25, 51789 Lindlar, Germania",Lindlar,,Germania,51.0050947,7.2831181
Eurolysine Amiens,"42-50 Rue de Vaux, 80080 Amiens, Francia",Amiens,,Francia,49.932472108416,2.2657513687894
EUROPASTRY BENELUX B.V. OLDENZAAL,"Zandsteenweg, Deurningen, Paesi Bassi",Deurningen,,Paesi Bassi,52.2982228,6.8955078
EUROPASTRY S.A.,"Carrer de Leonardo da Vinci, 2, 08191 Rubí, Barcelona, Spagna",Rubí,Barcelona,Spagna,41.4878219,2.0445763
EUROPE CHOCOLATE COMPANY MALLE BV,"Energieweg 9-3, 2390 Malle, Belgium",Malle,,Belgio,51.2935637,4.714363
EUROVO OCCHIOBELLO,"Via Piacentina, 24, 45030 Occhiobello RO, Italia",Occhiobello,RO,Italia,44.9157302,11.6122436
Evonik Goldschmidt Essen,"Germania, 45139 Essen, Gerlingstraße",Essen,,,51.4619896,7.0216563
Extrusell Chalon sur Saone,"Rue des Frères Lumière, 71100 Chalon-sur-Saône, Francia",Chalon-sur-Saône,,Francia,46.8036088,4.8685306
F+S BERLIN,"Goltzstraße 20, 13587 Berlin, Germania",Berlin,,Germania,52.561905,13.2138989
F+S Milchwerk Coesfeld GmbH,"Dreischkamp 40, 48653 Coesfeld, Germania",Coesfeld,,Germania,51.9278005,7.1580346
F.LLI Martini Cossano Belbo,"Strada Marchesini Torricelle Località Madonna della Rovere, 12054 Cossano Belbo CN, Italia",Cossano Belbo,CN,Italia,44.6815478,8.2000522
F.LLI MARTINI GENOLA,"Via S. Maria, 14, 12040 CN, Italia",CN,,Italia,44.5947713,7.6932551
F.lli Martini San Salvatore Telesino,"Italia, 82030 San Salvatore Telesino BN, Via Corte Nocera",San Salvatore Telesino,BN,,41.236865,14.4733886
F.LLI RUATA BALDISSERO,"Località Baroli, 74, 12040 Baroli CN, Italia",Baroli,CN,Italia,44.7812033,7.8585903
FAGE,"Ermou 42-44, Metamorfosi 144 52, Greece",Metamorfosi 144 52,,Grecia,38.071755,23.772643
"FARMA MAJCICHOV a.s., Majcichov 50, SK-919 22 Majcichov","Unnamed Road, 919 22 Majcichov, Slovacchia",22 Majcichov,,Slovacchia,48.2874898,17.6197775
Farmagan Galazzano - San Marino,"Via Fosso del Canneto, 32G, 47899, San Marino",47899,,San Marino,43.980351441639,12.480963773563
Farmer House Products Vredepeel,"Vredeweg 9, 5816 AJ Vredepeel, Paesi Bassi",Vredepeel,,Paesi Bassi,51.5491461,5.8517981
FATTORIE OSELLA,"Via Giuseppe Mazzini, 23, 12030 Caramagna Piemonte CN, Italia",Caramagna Piemonte,CN,Italia,44.7782596,7.7355345
FEDIX Gmbh NEUENKIRCHEN-VORDEN,"Wolfsburger Straße 13, 49434 Neuenkirchen-Vörden, Germania",Neuenkirchen-Vörden,,Germania,52.4949978,8.0692109
FEMAR VINI Monte Porzio Catone,"Via Colle Pisano, 24-26, 00040 Monte Porzio Catone RM, Italia",Monte Porzio Catone,RM,Italia,41.8263465,12.7054907
Ferrero Alba (CN),"Italia, 12051 Alba CN, Via Vivaro, 34",Alba CN,Via Vivaro,,44.7008188,8.0209362
Ferrero Alfreton,"1 Wimsey Way, Somercotes, Alfre",Somercotes,,,53.0864726,-1.388695
Ferrero Arlon,"Rue Pietro Ferrero 24, 6700 Arrondissement di Arlon, Belgio",Arrondissement di Arlon,,Belgio,49.6774317,5.8168172
Ferrero Belsk Duzy Polonia,"728, Polonia",728,,Polonia,51.818522,20.7995461
Ferrero France,"1858-2132 Route de Duclair, 76360 Villers-Écalles, Francia",Villers-Écalles,,Francia,49.5320164,0.9376
Ferrero Genova,"Calata Canzio Stefano, Genova, GE 16126, 16126 Genova GE, Italia",Genova,GE,Italia,44.4028946,8.9160273
Ferrero Mangimi Fossano,"Autostrada Torino-Savona, 12045 Fossano CN, Italia",Fossano,CN,Italia,44.5509183,7.7870499
FERRERO POZZUOLO MARTESANA,"Italia, 20060 Pozzuolo Martesana MI, Via Ferrero",Pozzuolo Martesana,MI,,45.5121141,9.4481526
FERRERO STADTALLENDORF,"K92 3, 35260 Stadtallendorf, Germania",Stadtallendorf,,Germania,50.8184515,8.9960518
FF SKAGEN,"Fabrikskajen 2, 9990 Skagen, Danimarca",Skagen,,Danimarca,57.7211983,10.5990915
FILOZOO CARPI,"Viale del Commercio, 24-30, 41012 Carpi MO, Italia",Carpi,MO,Italia,44.7889735,10.8552522
FLEXITANK ZAANDAM,"Noorder IJ- en Zeeweg 2, 1505 HK Zaandam, Paesi Bassi",Zaandam,,Paesi Bassi,52.427750706734,4.8538372295734
FLINT SPA CARONNO PERTUSELLA,"Via G. Bellini, 124, 21042 Caronno Pertusella VA, Italia",Caronno Pertusella,VA,Italia,45.5840843,9.0540836
FONTI DI VINADIO,"Frazione Roviera, 10, 12010 Pratolungo-roviera CN, Italia",Pratolungo-roviera,CN,Italia,44.2986258,7.1478048
formec,"Via Piacenza, 20, 26865 San Rocco al Porto LO, Italia",San Rocco al Porto,LO,Italia,45.0770039,9.7092249
Fra Nui España Alcasser,"Carrer dels Gremis, 8, 46290 Alcàsser, Valencia, Spagna",Alcàsser,Valencia,Spagna,39.3698108,-0.4364565
FRANCE MELASSE SETE,"Route de Pontmartin, 34200 Sète, Francia",Sète,,Francia,43.3999195,3.706968
Francia Mozzarella Berlin,"Volkmarstraße 9-11, 12099 Berlin, Germania",Berlin,,Germania,52.4542672,13.3971214
FRANTOIO BO SESTRI,"Via della Chiusa, 68, 16039 Sestri Levante GE, Italia",Sestri Levante,GE,Italia,44.2701771,9.3986945
Freddi Castiglione delle stiviere,"Via Levadello, 13, 46043 Freddi MN, Italia",Freddi,MN,Italia,45.3642715,10.515221
Fridul S.A. Almansa,"C. Aparadoras, 1, 02640 Almansa, Albacete, Spagna",Almansa,Albacete,Spagna,38.8727066,-1.1119866
Friesland Campina Aalter,"Venecolaan 17, 9880 Aalter, Belgio",Aalter,,Belgio,51.10519,3.441939
FRIESLAND CAMPINA LOCHEM,"Stationsweg 2, 7241 CT Lochem, Paesi Bassi",Lochem,,Paesi Bassi,52.1638731,6.4229291
FRIESLAND CAMPINA LUMMEN,"Blanklaarstraat 1-17, 3560 Lummen, Belgio",Lummen,,Belgio,51.0138738,5.121056
Friesland Campina Noordwijk,"Noorderweg 27, 9824 PA Noordwijk GN, Paesi Bassi",Noordwijk GN,,Paesi Bassi,53.1705884,6.2570717
Friesland Foods Beilen,"De Zuidmaten, Edisonweg 6, 9411 Beilen, Paesi Bassi",Beilen,,Paesi Bassi,52.854642,6.5186327
FrieslandCampina 5462 VEGHEL,"Zuidkade 31, 5462 CD Veghel, Paesi Bassi",Veghel,,Paesi Bassi,51.6142745,5.5240347
FRISIAN EGG,"Edisonlaan 2, 9247 Ureterp, Paesi Bassi",Ureterp,,Paesi Bassi,53.1013193,6.1291991
FRISIAN EGG Drachten,"Edisonlaan, 9247 Drachten, Paesi Bassi",Drachten,,Paesi Bassi,53.1013723,6.1294332
Fromagerie de Neufchateau,"101 Av. Président Kennedy, 88300 Neufchâteau, Francia",Neufchâteau,,Francia,48.352473937506,5.6777265823193
Fromagerie de Vaudes,"4 Rte de St Parres, 10260 Vaudes, Francia",Vaudes,,Francia,48.173791359503,4.1951892335828
Fromagerie Delin Gilly les Citeaux,"1 Rue Des Cerisiers, 21640 Gilly-lès-Cîteaux, Francia",Gilly-lès-Cîteaux,,Francia,47.17561066562,4.9766860571094
Fromagerie Germain,"4-6 Zae Champ Miollin, 52190 Vaux-Sous-Aubigny, Francia",Vaux-Sous-Aubigny,,Francia,47.6529668,5.2890638
Fromagerie la Tournette FILLINGES,"225 Route des Bègues, 74250 Fillinges, Francia",Fillinges,,Francia,46.1503581,6.3167618
Fromagerie Rissoan Luc,"Le Plo, 48250 Luc, Francia",Luc,,Francia,44.655379390548,3.8858285877933
Froneri Ferentino,"Via dei Ponticelli, 03013 Frosinone FR, Italia",Frosinone,FR,Italia,41.640719551091,13.267280770055
FRONERI FRANCE S.A.S.,"16 Kergamet, 29800 Plouédern, Francia",Plouédern,,Francia,48.4801825,-4.2460765
FRONERI Schöller Uelzen,"Hamburger Str. 4, 29525 Uelzen, Germania",Uelzen,,Germania,53.0033911,10.5585791
"Fuchs & Hoffmann 66450 Bexbach, Germania","In d. Kolling 140, 66450 Bexbach, Germania",Bexbach,,Germania,49.3445015,7.2440425
Fude & Serrahn Milch F+S Berlino,"Rauchstraße 55, 13587 Berlin, Germania",Berlin,,Germania,52.561137081863,13.215718892805
Fude & Serrahn Milch F+S Gransee,"Am Gewerbepark 10, 16775 Gransee, Germania",Gransee,,Germania,53.0095951,13.1768717
Fuji Oils Gent,"Kuhlmannlaan 36, 9042 Gand, Belgio",Gand,,Belgio,51.1771884,3.7920668
"Fundacion Patrimonio Comunal Olivarero - Av. Padre Villoslada, 63, 14850 Baena, Córdoba, Spagna","Av. Padre Villoslada, 63, 14850 Baena, Córdoba, Spagna",Baena,Córdoba,Spagna,37.6215248,-4.3125426
Galasso Ettore Loreto Aprutino,"Contrada Poggioragone, 5, 65014 Loreto Aprutino PE, Italia",Loreto Aprutino,PE,Italia,42.3982986,13.9518613
GALBANI CORTEOLONA,"Strada Statale 234, Santa Cristina e Bissone PV, Italia",Santa Cristina e Bissone PV,,Italia,45.1594125,9.3797779
Galbusera Cosio Valtellino,"Via Stelvio, 109, 23013 Cosio Valtellino SO, Italia",Cosio Valtellino,SO,Italia,46.1324683,9.5361095
GALLETAS GULLON 34800 Aguilar de Campoo,"Fábrica de Galletas, 34800 Aguilar de Campoo, Palencia, Spagna",Aguilar de Campoo,Palencia,Spagna,42.7906476,-4.2395691
GAMBAROTTA NOVI LIGURE,"Strada Statale 35bis, 103, 15067 Barbellotta AL, Italia",Barbellotta,AL,Italia,44.7414273,8.8232171
Garbo Cerano,"Via Prati Nuovi, 9, 28065 Cerano NO, Italia",Cerano,NO,Italia,45.4078595,8.7875744
Gebr. Bertrams GmbH & Co. KG,"Anhovener Str. 24, 41844 Wegberg, Germania",Wegberg,,Germania,51.110536,6.3256578
Gebroeders Dunnink BV Nieuwleusen,"Rollecate 81, 7711 GG Nieuwleusen, Paesi Bassi",Nieuwleusen,,Paesi Bassi,52.5887732,6.2394558
GESCO CONSORZIO RAVENNA,"Via Classicana, 45, 48122 Ravenna RA, Italia",Ravenna,RA,Italia,44.466305128476,12.25785456347
Gesco Monte di Malo,"Via Giovanni XXIII Papa, 3, 36030 Giovanni XXIII VI, Italia",Giovanni XXIII,VI,Italia,45.6540785,11.3946777
Gesco Ospitaletto,"A4 Torino - Trieste, 25050 BS, Italia",BS,,Italia,45.5645756,10.071601
Gesco Ravenna,"Italia, 48122 Ravenna RA, Via Classicana",Ravenna,RA,,44.4658138,12.2582701
Gesco S.Vittore di Cesena,"Via Settecrociari, 5698-5708, 47522 Cesena FC, Italia",Cesena,FC,Italia,44.1109991,12.1900105
GF OVODRY S.R.L. Asigliano Veneto,"Via Fabio Filzi, 12, 36020 Asigliano Veneto VI, Italia",Asigliano Veneto,VI,Italia,45.3088643,11.4701266
GIOMA VARO BRUGHERIO,"Via Talete, 8, 20864 Agrate Brianza MB, Italia",Agrate Brianza,MB,Italia,45.5631338,9.3218442
GIORDANO TORRICELLA,"SP129, 515, 74020 Torricella TA, Italia",Torricella,TA,Italia,40.3381181,17.498787
GLACONCHEMIE GMBH MERSEBURG,"An den Rohrackern 2, 06217 Merseburg (Saale), Germania",Merseburg (Saale),,Germania,51.3184702,11.9856331
GLENCORE USTI NAD LEBEM,"Žukovova 13, 400 03 Ústí nad Labem-Střekov, Repubblica Ceca",03 Ústí nad Labem-Střekov,,Repubblica Ceca,50.6552518,14.0521541
Global Food,"Contrada Ficocelle, 84061 Ogliastro Cilento SA, Italia",Ogliastro Cilento,SA,Italia,40.3798695,15.0480802
GLOBAL FOOD OSPEL,"Ketelaarsweg, Gebbelsweg 13, 6035 EA Ospel, Paesi Bassi",Ospel,,Paesi Bassi,51.2977525,5.7734026
Global Food Group Koenderstraat 9 6003 Weert Holland,"Koenderstraat 9, 6003 PR Weert, Paesi Bassi",Weert,,Paesi Bassi,51.2730735,5.6874451
Globemilk B.V. Erflanden 6 5831 ZA Boxmeer Netherlands,"Erflanden 4, 5831 ZA Boxmeer, Paesi Bassi",Boxmeer,,Paesi Bassi,51.6364466,5.9445628
Glockengold Fruchtsaft AG,"Naumburger Str., 06636 Laucha an der Unstrut, Germania",Laucha an der Unstrut,,Germania,51.2216281,11.6863645
"GLYCOM A/S 6715 Esbjerg, Danimarca","Storebæltsvej, 6715 Esbjerg, Danimarca",Esbjerg,,Danimarca,55.508896,8.4665426
GOLDSTEIG Cheese Factories Bayerwald Cham,"Siechen 11, 93413 Cham, Germania",Cham,,Germania,49.2282803,12.6796264
Golosità Grinzane Cavour,"Via Piana Gallo, 48, 12060 Grinzane Cavour CN, Italia",Grinzane Cavour,CN,Italia,44.6682271,7.9881693
GOTTO D'ORO SCARL.,"Via Divino Amore, 321, 00040 Marino RM, Italia",Marino,RM,Italia,41.7564795,12.6000538
Granarolo Soliera,"Via Stradello Morello, 174, 41019 Soliera MO, Italia",Soliera,MO,Italia,44.731284518152,10.918213109577
Granarolo Usmate Velate,"Via S. Giovanni Bosco, 37, 20865 Arcore MB, Italia",Arcore,MB,Italia,45.6438712,9.3396214
Granja AMJ –Paratge Bosc de Sant Mer – 17468 Sant Esteve de Guialbes,"Unnamed Road, 17468 Vilademuls, Girona, Spagna",Vilademuls,Girona,Spagna,42.1072083,2.8717896
Greenoleo Cremona,"Italia, 26100 Cremona CR, Via Bergamo, 70",Cremona CR,Via Bergamo,,45.148112,10.0087436
"GRIEGES LAITERIE 01290 Grièges, Francia","439 D51B, 01290 Grièges, Francia",Grièges,,Francia,46.2605565,4.8542988
Grottarossa Vini,"SS640, 93100 Caltanissetta CL, Italia",Caltanissetta,CL,Italia,37.4182265,13.9017407
Grupo Cooperativo Montes Norte Malagon,"C. Madrid, 1, 13420 Malagón, Ciudad Real, Spagna",Malagón,Ciudad Real,Spagna,39.1594359,-3.8428982
GS AGRI EG GARREL,"Petersfelder Straße 51A, 49681 Garrel, Germania",Garrel,,Germania,52.9540741,8.0101961
GSC Montebello (VI),"Località Fracanzana, 16, 36054 Montebello Vicentino VI, Italia",Montebello Vicentino,VI,Italia,45.4381349,11.3729756
GULDENKRON FRUCHTSAFT GMBH NISTERTAL,"Zum Steinstück, 57647 Nistertal, Germania",Nistertal,,Germania,50.6284524,7.8927043
Gum Base Lainate,"SP109, 18, 20020 Lainate MI, Italia",Lainate,MI,Italia,45.5709768,9.0157656
H&R Salzbergen,"Neuenkirchener Damm, 48499 Salzbergen, Germania",Salzbergen,,Germania,52.3145749,7.3508823
H&R OELWERKE HAMBURG,"Julius-Schindler-Straße, 21107 Amburgo, Germania",Amburgo,,Germania,53.5157278,9.9486262
HALBA PRATTELN,"Rheinstrasse, 4133 Pratteln, Svizzera",Pratteln,,Svizzera,47.5309166,7.6881666
HALVA LTD HELSINKI,"Hyvlerivägen 9, 00380 Helsingfors, Finlandia",Helsingfors,,Finlandia,60.2164455,24.881544
HANEBERG & LEUSING GMBH OSTBEVEREN,"Eichenweg 9, 48346 Ostbevern, Germania",Ostbevern,,Germania,52.0390939,7.8454399
Hardhof Berghuelen,"Raiffeisenweg 10, 89180 Berghülen, Germania",Berghülen,,Germania,48.4605338,9.7765853
Hardhof Gruensfeld,"Rötensteinstraße 1, 97947 Grünsfeld, Germania",Grünsfeld,,Germania,49.605628,9.7369146
Hardtof Dachwig,"Im Gewerbegebiet 6, 99100 Dachwig, Germania",Dachwig,,Germania,51.0736927,10.8686497
Haribo Invest Cornellà del Terri,"Carrer G, 20, 17844 Cornellà del Terri, Girona, Spagna",Cornellà del Terri,Girona,Spagna,42.096361909401,2.7976591215739
HCS HAMBURG,"Ellerholzdamm 38, 20457 Amburgo, Germania",Amburgo,,Germania,53.5302189,9.9729734
Henkel Lomazzo,"Via Cesare Cantù, 2-18, 22074 Lomazzo CO, Italia",Lomazzo,CO,Italia,45.7006875,9.0373206
Herbert Maucher D-79288 Gottenheim,"Im Ried 5A, 79288 Gottenheim, Germania",Gottenheim,,Germania,48.046959,7.7053795
HERMANOS NIETO COLL C.B.,"Calle San Blas, 3, 13350 Moral de Calatrava, Cdad. Real, Spagna",Moral de Calatrava,Cdad. Real,Spagna,38.8246818,-3.5772535
HOCHWALD 54424 Thalfang,"Bahnhofstraße 47, 54424 Thalfang, Germania",Thalfang,,Germania,49.7509652,7.0064332
Hochwald Foods GmbH 67663 Kaiserslautern,"Denisstraße 23-19, 67663 Kaiserslautern, Germania",Kaiserslautern,,Germania,49.443843,7.7201475
HOCHWALD FOODS Hungen,"Niddaer Str. 67-69, 35410 Hungen, Germany",Hungen,,Germania,50.4721297,8.9086088
Hochwald Foods Whey Ingredients Mechernich,"Ziegelfeld 16, 53894 Mechernich, Germania",Mechernich,,Germania,50.6446705,6.6915499
Hochwald FoodsLuneburg,"Lüner Weg 15b, 21337 Lüneburg, Germania",Lüneburg,,Germania,53.251760668519,10.418748153514
HOCHWALD MOLKEREI HUNFELD,"Ströherstraße, 36088 Hünfeld, Germany",Hünfeld,,Germania,50.682967,9.7604073
Holland Tank Service Pobiedziska,"Pomarzanowice 27, 62-010, Polonia",62-010,,Polonia,52.502496124587,17.281307656325
HS Coldstores,"Van Heemstraweg 88a , Beneden-Leeuwen",Van Heemstraweg 88a,,,51.8754164,5.5085303
HUG Malters,"Neumühlestrasse 4, 6102 Malters, Svizzera",Malters,,Svizzera,47.0400542,8.1785846
Huilerie E.Noel,"234 Chem. des Oliviers, 30130 Pont-Saint-Esprit, Francia",Pont-Saint-Esprit,,Francia,44.25073,4.6410717
HUILERIES DE LAPALISSE S.A.S.,"29 Rue Baudin, 03120 Lapalisse, Francia",Lapalisse,,Francia,46.2439641,3.631985
Hungrana KFT Szabadegyhaza,"Szabadegyháza, Ipartelep, 2432 Ungheria",Ipartelep,,,47.0831122,18.7153662
I.G.I. Palomonte,"Località Monte di Pruno, 84020 Palomonte SA, Italia",Palomonte,SA,Italia,40.6252497,15.2886974
I.O.I. LODERS ROTTERDAM,"Antarcticaweg 199, 3199 Botlek, Paesi Bassi",Botlek,,Paesi Bassi,51.9638724,4.0435997
IBERCACAO QUINTANAR DE LA ORDEN,"TO-2899, 4, 45800 Quintanar de la Orden, Toledo, Spagna",Quintanar de la Orden,Toledo,Spagna,39.58714,-3.0337903
ICAI BRUINO,"Viale Volvera, 113, 10090 Bruino TO, Italia",Bruino,TO,Italia,45.011228242036,7.4805238622922
ICAM ORSENIGO,"Via Colle Plinio, 4, 22030 Orsenigo CO, Italia",Orsenigo,CO,Italia,45.7804724,9.1750709
IL TREBBIOLO BRA,"Str. Gerbido, 12042 Bra CN, Italia",Bra,CN,Italia,44.6835145,7.8790888
ILLVA SARONNO,"Via Archimede, 21047 Saronno VA, Italy",Saronno,VA,Italia,45.6114133,9.037215
INALCA CASTELVETRO DI MODENA,"Via Belvedere, 11, 41014 Castelvetro di Modena MO, Italia",Castelvetro di Modena,MO,Italia,44.537892,10.9665778
INALPI Moretta,"Strada Provinciale 663, 12033 Moretta CN, Italia",Moretta,CN,Italia,44.7521111,7.5319065
Industria Casearia Silvio Belladelli Villafranca di Verona,"Via Pasubio, 49, 37069 Villafranca di Verona VR, Italia",Villafranca di Verona,VR,Italia,45.370342505571,10.856039823429
INGRA BROZZI SPA,"Via Milano, 3, 46019 Cogozzo MN, Italia",Cogozzo,MN,Italia,44.936332,10.5012627
Innospec Castiglione delle Stiviere,"Via Camillo Benso Conte di Cavour, 50, 46043 Castiglione delle Stiviere MN, Italia",Castiglione delle Stiviere,MN,Italia,45.396151,10.473874
Inovyn PVC France 39500 Tavaux,"Unnamed Road, 39500 Tavaux, Francia",Tavaux,,Francia,47.0507293,5.4109203
INTERNATIONAL N&H DENMARK APS GRINDSTED,"Vej uden navn, 7200 Grindsted, Denmark",Grindsted,,Danimarca,55.7632353,8.9320303
Ipox Chemicals Budapest,"Budapest, Helsinki út 116, 1238 Ungheria",Helsinki út 116,,,47.420793850449,19.106513124292
IPPOCHEMICAL PIERANICA,"Strada Provinciale 2, 91, 26017 Pieranica CR, Italia",Pieranica,CR,Italia,45.4317426,9.6110579
IPRONA LANA,"Zona Industriale, 120, 39011 Lana BZ, Italia",Lana,BZ,Italia,46.629841228559,11.165378405799
Ipsa Castignano,"Strada Provinciale 92, AP, Italia",AP,,Italia,42.9571904,13.6209612
IRCA GALLARATE,"Parco Lombardo della Valle del Ticino, Parco Regionale del Ticino, Via Orsini, 6-10, 21013 Gallarate VA, Italia",Gallarate,VA,Italia,45.66458817444,8.8047115583535
ITAL BI OIL - MONOPOLI,"Via Baione, 70043 Monopoli BA, Italia",Monopoli,BA,Italia,40.9584534,17.2609229
Italcanditi Pedrengo,"Via Cavour, 10, 24066 Pedrengo BG, Italia",Pedrengo,BG,Italia,45.692311590834,9.7457921321781
Italcool Castelfiorentino,"Via Lucardese, 4, 50051 Castelfiorentino FI, Italia",Castelfiorentino,FI,Italia,43.5954365,10.9832194
Italgum Ozzano Monferrato,"Via Gabriele D'Annunzio, 4, 15039 Ozzano Monferrato AL, Italia",Ozzano Monferrato,AL,Italia,45.1080432,8.3707541
italian food San Miniato (PI),"Via Giacomo Puccini, 38, 56028 San Donato PI, Italia",San Donato,PI,Italia,43.7038385,10.7880303
ITALIANA AROMI CARATE BRIANZA,"Via del Dosso, 9, 20841 Carate Brianza MB, Italia",Carate Brianza,MB,Italia,45.6657066,9.2351405
IVM Chemicals Parona,"Italia, 27020 Parona PV, SP101",Parona,PV,,45.2793018,8.7762014
J.G. NIEDEREGGER GMBH & CO. KG.,"Zeiss-Straße 1, 23560 Lübeck, Germania",Lübeck,,Germania,53.8453528,10.672516
J.G. NIEDEREGGER GMBH & CO. KG. LUBECCA,"Zeiss-Straße 3-5, 23560 Lübeck, Germania",Lübeck,,Germania,53.8458893,10.6720095
Johnson & Johnson Pomezia,"Via Ardeatina, Km 23, 00071 Pomezia RM, Italia",Pomezia,RM,Italia,41.6926205,12.5901018
JONKERS Zaandam,"Oostzijde 324B, 1508 Zaandam, Paesi Bassi",Zaandam,,Paesi Bassi,52.4564616,4.8138316
JULES BROCHENIN TULETTE,"123 All. 3 ZA du Grand Devès, 26790 Tulette, Francia",Tulette,,Francia,44.286020259009,4.9513723593192
Julian Soler S.A Quintanar del Rey,"CM-220, 16230 Villanueva de la Jara, Cuenca, Spagna",Villanueva de la Jara,Cuenca,Spagna,39.3788821,-1.9292113
JUS DE FRUIT D' ALSAZE SARRE UNION,"D8, 67260 Rimsdorf, Francia",Rimsdorf,,Francia,48.9295483,7.0901305
Jütro GmbH Juterborg,"Gewerbering 17, 14913 Jüterbog, Germania",Jüterbog,,Germania,52.006648016167,13.087640453971
KATLENBURGER KELLEREI,"B247 11, 37191 Katlenburg-Lindau, Germania",Katlenburg-Lindau,,Germania,51.6808211,10.0998163
KINGTRE 20 BOULEVARD PASTEURE F 81290,"8 Boulevard Pasteur, 81290 Labruguière, Francia",Labruguière,,Francia,43.542296,2.259977
KLOOSTERBOER B.V. ROTTERDAM,"Den Hamweg 3, 3089 KK Rotterdam, Paesi Bassi",Rotterdam,,Paesi Bassi,51.8812241,4.4282906
KLOOSTERBOER ELST B.V. ELST,"Handelsweg 5, De Aam, 6662 NH Elst, Paesi Bassi",Elst,,Paesi Bassi,51.9128733,5.858979
Konings Drinks BREDA,"Teteringsedijk 227, 4817 ME Breda, Paesi Bassi",Breda,,Paesi Bassi,51.5951688,4.805211
KONINGS JUICES & DRINKS BVBA. BORGLOON,"Hoepertingen Looza, 3840 Borgloon, Belgio",Borgloon,,Belgio,50.8043828,5.3013988
Koninklijke VIV Buisman B.V.,"Brinkweg 15-23, 7021 BV Zelhem, Paesi Bassi",Zelhem,,Paesi Bassi,52.002886934803,6.3545896337176
Koole Tankstorage Pernis B.V.,"Vondelingenweg 2001-2210, 3196 Vondelingenplaat, Paesi Bassi",Vondelingenplaat,,Paesi Bassi,51.888594243695,4.3381395738296
Koole Zaandam,"Sluispolderweg 48, 1505 Zaandam, Paesi Bassi",Zaandam,,Paesi Bassi,52.419343,4.847215
Kraft Saiwa Capriata d'Orba,"Italia, 15060 Capriata d'Orba AL, Strada Vicinale Montada dell'Albero",Capriata d'Orba,AL,,44.7196378,8.6610996
Kraft Sweden,"Smedbyvägen 6, 194 30 Upplands Väsby, Svezia",30 Upplands Väsby,,Svezia,59.5077116,17.8962534
KRISTALL COCOA FEHRBELLIN,"Gewerbepark 2, 16833 Fehrbellin, Germania",Fehrbellin,,Germania,52.801058,12.792854
KUMPF FRUCHTSAFT GMBH &amp; CO.KG MARKGROENINGEN.,"Markgröninger Straße, 71706 Markgröningen, Germania",Markgröningen,,Germania,48.9340744,9.0628016
L ITALIANA AROMI S.R.L.,"Via del Dosso, 9, 20841 Carate Brianza MB, Italia",Carate Brianza,MB,Italia,45.6663429,9.2357485
La Casara Roncolato Romano Roncà,"SP17d, 37030 Roncà VR, Italia",Roncà,VR,Italia,45.473664307424,11.292127719488
La Cesenate Cesena,"Sottopasso Cervese, 373, 47521 Cesena FC, Italia",Cesena,FC,Italia,44.148311,12.2572286
La jumillere,"Rue de la Rogerie, 49120 Chemillé-en-Anjou, Francia",Chemillé-en-Anjou,,Francia,47.2765652,-0.7301093
LA LUISIANA OLEIFICIO,"Av. de Andalucía, 2A, 41430 La Luisiana, Sevilla, Spagna",La Luisiana,Sevilla,Spagna,37.5273201,-5.2429943
"LA RUEDA CASA BAJA S.L. CTRA. A-401, KM. 10,90 UBEDA","Unnamed Road, 23440 Baeza, Jaén, Spagna",Baeza,Jaén,Spagna,37.921362,-3.4169817
La Suissa Arquata Scrivia,"Via Serravalle, 99, 15061 Arquata Scrivia AL, Italia",Arquata Scrivia,AL,Italia,44.7019411,8.8681948
La Villese Villalfonsina,"Contrada Morandici, 66020 Villalfonsina CH, Italia",Villalfonsina,CH,Italia,42.1815749,14.5660568
Lacer Cerdanyola del Vallès,"Carrer dels Boters, 5, 08290 Cerdanyola del Vallès, Barcelona, Spagna",Cerdanyola del Vallès,Barcelona,Spagna,41.4860697,2.1254965
LACSA ROSTA,"Str. Antica di Alpignano, 46, 10090 Rosta TO, Italia",Rosta,TO,Italia,45.0830499,7.4685996
Lactoprot Meiereistr. 5-7 D 23816 Leezen,"Raiffeisenstraße 24, 23816 Leezen, Germania",Leezen,,Germania,53.8679076,10.248848
LAGER MAURIK,"Tielsestraat 43, 4021 HB Maurik, Paesi Bassi",Maurik,,Paesi Bassi,51.95528,5.4220015
LAICA ARONA,"Via Vittorio Veneto, 110A, 28041 Arona NO, Italia",Arona,NO,Italia,45.7550397,8.5452985
Laiterie Carrier VALS LES BAINS,"2469 Rte d'Arlix, 07600 Vals-les-Bains, Francia",Vals-les-Bains,,Francia,44.643964923576,4.3421613855505
LAITERIE COOPERATIVE 367 ROUTE DE Montrevel F-01340 Etrez,"367 Rte de Montrevel, 01340 Bresse Vallons, Francia",Bresse Vallons,,Francia,46.3334442,5.181665
Laitnaa Cooperative La Capelle,"18 Rte d'Hirson, 02260 La Capelle, Francia",La Capelle,,Francia,49.9730307,3.9250908
Laterie de Varennes,"2 Route des Touches, 36210 Varennes-sur-Fouzon, Francia",Varennes-sur-Fouzon,,Francia,47.2220037,1.6069633
Laterie Saint Denis De l'Hotel,"Route de l'Aérodrome, 45550 Saint-Denis-de-l'Hôtel, Francia",Saint-Denis-de-l'Hôtel,,Francia,47.883335,2.1303739
LATTERIA DI PASQUO,"Zona Artigianale Giovanni Paolo II, 7, 86081 Agnone IS, Italia",Agnone,IS,Italia,41.813773,14.3729123
Latteria Guilloteau,"Route des Ecassaz, 01300 Belley, Francia",Belley,,Francia,45.752334770679,5.6934643473483
Latteria Maromme,"47 Rue Berrube, 76150 Maromme, Francia",Maromme,,Francia,49.478104,1.0440588
Latteria Piding,"Hockerfeld 6, 83451 Piding, Germania",Piding,,Germania,47.7645351,12.915068
Latteria Regensburg,"Nordgaustraße, 93059 Regensburg, Germania",Regensburg,,Germania,49.0314275,12.1130663
LATTERIA SOLE MIZO CSORNA,"9300 Csorna, Via Virág 2-3, Ungheria",Via Virág 2-3,,Ungheria,47.6150542,17.2680682
Lavaggio Malpensa Cassano con Magnago,"Via Bonicalza Albino, 124, 21012 Cassano Magnago VA, Italia",Cassano Magnago,VA,Italia,45.6577316,8.8440223
"Le Romagnole Via Ramona, 7, 48125 Ravenna RA, Italia","Via Ramona, 7, 48125 Ravenna RA, Italia",Ravenna,RA,Italia,44.3361749,12.0843163
Leagel - Chiesanuova,"Str. delle Seriole, 55-9, San Marino",55-9,,San Marino,43.9307885,12.4172416
Lemonagro SRL,"SP15, 95032 Belpasso CT, Italia",Belpasso,CT,Italia,37.5322496,14.907405
Lesaffre Trecasali,"Strada Gassens Salvador Allende, 32, 43056 Torrile PR, Italia",Torrile,PR,Italia,44.9281653,10.3034322
Lesieur Coudekerque,"Rue de l'Usine, 59210 Coudekerque-Branche, Francia",Coudekerque-Branche,,Francia,51.0096549,2.3704299
LHS Staszow,"Droga Bez Nazwy, 28-200 Staszów, Polonia",28-200 Staszów,,Polonia,50.550771055327,21.158598256416
LIMELCO NV ZONHOVEN,"Boddenveldweg 11, 3520 Zonhoven, Belgio",Zonhoven,,Belgio,50.9935551,5.3808235
LINDT FRANCE 64400 Oloron-Sainte-Marie,"25B Avenue du 14 Juillet, 64400 Oloron-Sainte-Marie, Francia",Oloron-Sainte-Marie,,Francia,43.1934756,-0.6161449
LINDT INDUNO OLONA,"Via Buccari, 21056 Induno Olona VA, Italia",Induno Olona,VA,Italia,45.8452579,8.8255992
LINDT KIRCHBERG,"Seestrasse 204, 8802 Kilchberg, Svizzera",Kilchberg,,Svizzera,47.3173945,8.5525193
Lineage Beneden-Leeuwen,"Van Heemstraweg 88a, 6658 KK Beneden-Leeuwen, Paesi Bassi",Beneden-Leeuwen,,Paesi Bassi,51.8768245,5.503569
LIOT S.A. ANNEZIN,"437-519 Boulevard de la République, 62232 Annezin, Francia",Annezin,,Francia,50.5294326,2.5978631
LIPIDOS SANTIGA,,,,,41.5302725,2.1547865
LIPOID GMBH 67067 LUDWIGSHAFEN,"Lipoidstraße 8, 67067 Ludwigshafen am Rhein, Germany",Ludwigshafen am Rhein,,Germania,49.44735,8.3786913
LISTEL S.A.S. SETE,"Chemin Château de Villeroy, 34200 Sète, Francia",Sète,,Francia,43.3773795,3.6273141
Lorco Pont Scorff,"16 Rue Camille Claudel, 56620 Pont-Scorff, Francia",Pont-Scorff,,Francia,47.8326013,-3.39078
LOUIS DREYFUS COMMODITIES GMBH WITTENBERG,"Dessauer Straße 126, 06886 Wittenberg, Germania",Wittenberg,,Germania,51.8691608,12.5839166
LUCIANI GIUSEPPE,"Contrada Lucianetti, 20, 66030 Mozzagrogna CH, Italia",Mozzagrogna,CH,Italia,42.2026835,14.441896
LUIS CANO FUENTES ERMITANUEVA -ALCALA LA REAL (JAEN),"Lugar Ermita Nueva, 0, 23686 Ermita Nueva, Jaén, Spagna",Ermita Nueva,Jaén,Spagna,37.4090486,-3.8697728
LUIS CANO FUENTES PCO DE PUENTE GENIL (CORDOBA),"Diseminado Diseminados, 1, 14512 Puente Genil, Córdoba, Spagna",Puente Genil,Córdoba,Spagna,37.3999295,-4.7468486
Luis Dreyfus,"Germania, 06886 Lutherstadt Wittenberg, Dessauer Straße 126",Lutherstadt Wittenberg,,,51.8697318,12.5838844
M.B. Mangimi Longiano,"Via Emilia, 47020 Longiano FC, Italia",Longiano,FC,Italia,44.0934592,12.3683015
Maas Refinery,"1e Welplaatdwarsweg 1, 3197 KT Botlek Rotterdam, Paesi Bassi",Botlek Rotterdam,,Paesi Bassi,51.8825118,4.2888243
Maas Tank Rotterdam,"1e Welplaatdwarsweg 3, 3197 Botlek, Paesi Bassi",Botlek,,Paesi Bassi,51.8828143,4.2886385
Maina Fossano,"Via Bra (Tagliata), 109, 12045 Area Produttiva CN, Italia",Area Produttiva,CN,Italia,44.6030754,7.7634489
MAITRES LAITIERS CARENTAN,"1890 Rte Américaine D971, 50500 Méautis, Francia",Méautis,,Francia,49.2983327,-1.2666963
Makofrost Poniatowa,"Szkolna 64, 24-320 Poniatowa, Polonia",24-320 Poniatowa,,Polonia,51.1855211,22.0514951
Mangimi Valmori Predappio,"Via S. Lucia, 13, 47016 Predappio FC, Italia",Predappio,FC,Italia,44.1178018,11.9796211
Mangini Caramelle Bosco Marengo,"Via Asti, 5, 15062 Bosco Marengo AL, Italia",Bosco Marengo,AL,Italia,44.8281441,8.6848645
MARBACHER OELMUEHLE GMBH 71672 MARBACH AM N.,"Daimlerstraße 10-12, 71672 Marbach am Neckar, Germania",Marbach am Neckar,,Germania,48.944428,9.2741805
Marco Polo Aldemayor de San Martin,"Cam. de San Lorenzo, 47162 Aldeamayor de San Martín, Valladolid, Spagna",Aldeamayor de San Martín,Valladolid,Spagna,41.4998968,-4.6221445
MASTROPASQUA INTERNATIONAL 71030 ZAPPONETA(FG) tel 0884/520738,"SP66, Cerignola FG, Italia",Cerignola FG,,Italia,41.4495691,15.9584426
MATER BIOTECH BOTTRIGHE,"Via Antonio Gramsci, 12, 45011 Bottrighe RO, Italia",Bottrighe,RO,Italia,45.0260311,12.0714656
MATRUNITA MEDITERRANEA S.R.L. VADO LIGURE,"Via Trieste, 18, 17047 Vado Ligure SV, Italia",Vado Ligure,SV,Italia,44.264359,8.437458
MAZZOLENI CAPPELLA CANTONE,"Via dell'Industria, 37-29, 26020 Cappella Cantone CR, Italy",Cappella Cantone,CR,Italia,45.2397655,9.8392438
MEDIACO VRAC MARSIGLIA,"467 Chemin du Littoral, 13016 Marsiglia, Francia",Marsiglia,,Francia,43.3476199,5.3407164
MEGA Haldensleben,"Hafenstraße 44A, 39340 Haldensleben, Germania",Haldensleben,,Germania,52.2771634,11.4128278
MEGA 16225 Eberswalde,"Britzer Str. 52A, 16225 Eberswalde, Germania",Eberswalde,,Germania,52.8512006,13.7868128
MEGALE HELLAS SAN PIETRO VERNOTICO,"SP82, 72027 San Pietro Vernotico BR, Italia",San Pietro Vernotico,BR,Italia,40.4916833,17.9834148
MEGGLE WASSERBURG,"Megglestraße 9-7, 83512 Wasserburg am Inn, Germania",Wasserburg am Inn,,Germania,48.0560357,12.1861815
Meierei Barmstedt,"Gebrüderstraße 9, 25355 Barmstedt, Germania",Barmstedt,,Germania,53.7947748,9.7695529
"Meierei Boxlunderweg 2, 25884 Viöl","Süderende, 25884 Viöl, Germany",Viöl,,Germania,54.5679747,9.1655167
Melk Transport Twente B.V Hardenberg,"Loswal 8, 7772 TT Hardenberg, Paesi Bassi",Hardenberg,,Paesi Bassi,52.5592875,6.631946
Menz&Gasser Novaledo,"Via dei Campi, 23, 38050 Novaledo TN, Italia",Novaledo,TN,Italia,46.0250275,11.3752059
MERCUR HANDEL GMBH c/o NATURAL ENERGY WEST - PAUL-BAUMANNSTRASSE 1 45772 MARL,"Paul-Baumann-Straße 3, 45772 Marl, Germania",Marl,,Germania,51.6758043,7.0887182
Mestre Logistica,"Carrer Ceràmica, 11, 08292 Esparreguera, Barcellona, Spagna",Esparreguera,Barcellona,Spagna,41.5249433,1.8788646
MGM MONDO DEL VINO PRIOCCA,"Via Umberto I, 129, 12040 Priocca CN, Italia",Priocca,CN,Italia,44.7871759,8.0631461
MIAVIT Gmbh Essen,"Justus-von-Liebig-Straße, 49632 Essen, Germania",Essen,,Germania,52.7179608,7.9580647
Michelin Italiana Cuneo,"Via Pollino, 59, 12100 Zona Industriale Cartignano CN, Italia",Zona Industriale Cartignano,CN,Italia,44.441209679866,7.5685976322045
Miele Roma via Triburtina,"Via Affile, 44, 00131 Roma RM, Italia",Roma,RM,Italia,41.93433,12.6141575
MIGASA DOS HERMANAS,"N-IV, 41702 Dos Hermanas, Spagna",Dos Hermanas,,Spagna,37.2669219,-5.9251527
MIKO SAINT DIZIER,"9001 Rue Bonnor, 52100 Saint-Dizier, Francia",Saint-Dizier,,Francia,48.653557444622,4.9331823698347
Milchwerk Crailsheim GmbH,"Hardtstraße 15, 74564 Crailsheim, Germania",Crailsheim,,Germania,49.1352928,10.060714
Milcobel Langemark,"Melkerijstraat 10, 8920 Langemark-Poelkapelle, Belgio",Langemark-Poelkapelle,,Belgio,50.9122077,2.9080121
Minniti - Mortara,"Via Albert Einstein, 27036 Mortara PV, Italia",Mortara,PV,Italia,45.2453901,8.7145878
MIRITZ CITRUS INGRE KIRCHGANDERN,"Heiligenstädter Str. 30, 37318 Kirchgandern, Germania",Kirchgandern,,Germania,51.3810456,9.9663276
Moers Frischeprodukte GmbH,"Pferdsweide, 47441 Moers, Germania",Moers,,Germania,51.459150878314,6.6099688933157
Mokate Zory,"Strażacka 48, 44-240 Żory, Polonia",44-240 Żory,,Polonia,50.014162133088,18.715581631895
Molda AG Dahlenburg,"Germania, 21368 Dahlenburg, Gartenstraße 13",Dahlenburg,,,53.1889498,10.7436299
Molino del Genil Ecija,"A-453, 41409 Écija, Provincia di Siviglia, Spagna",Écija,Provincia di Siviglia,Spagna,37.6295115,-5.1325736
MOLKEREI ELSDORF-ROTENBURG eG,"Kampstraße 6, 27404 Elsdorf, Germany",Elsdorf,,Germania,53.2388967,9.3479142
MOLKEREI GROPPER GMBH BISSINGEN,"Kesselfeldstraße 2, 86657 Bissingen, Germania",Bissingen,,Germania,48.7102158,10.628828
Molkerei Leezen,"Meiereistraße 5, 23816 Leezen, Germania",Leezen,,Germania,53.8686535,10.2489018
Molkerei Tittling,"Maseringer Straße 9, 94104 Tittling, Germania",Tittling,,Germania,48.72301,13.3760203
"Molkerei Wiegert GmbH & Co. KG, Am Bahnhof 18, DE-46342 Velen","Am Bahnhof 18, 46342 Velen, Germania",Velen,,Germania,51.8983833,6.9755987
Molkerei Zeulenroda Gmbh,"Triebeser Str., 07937 Zeulenroda-Triebes, Germania",Zeulenroda-Triebes,,Germania,50.6572995,11.9956141
MONDELEZ ATENE,"Agathimerou 203-9, Athina 118 54, Grecia",Athina 118 54,,Grecia,37.9742522,23.7094105
MONDELEZ BERNA,"A1 & E25, 3027 Bern, Svizzera",Bern,,Svizzera,46.9438871,7.3681903
Mondelez Deutchland Lorrach,"Brombacher Straße 37, 79539 Lörrach, Germania",Lörrach,,Germania,47.6179332,7.6690289
MONTANARI & GRUZZA Reggio Emilia,"Via I. Newton, 38, 42124 Reggio Emilia RE, Italia",Reggio Emilia,RE,Italia,44.7402996,10.507971
Montenegro SPA San Lazzaro di Savena,"Via Tomba Forella, 40068 San Lazzaro di Savena BO, Italia",San Lazzaro di Savena,BO,Italia,44.441287,11.4531819
Mota del Cuervo,"C. Cam. del Campo, 27, 16630 Mota del Cuervo, Cuenca, Spagna",Mota del Cuervo,Cuenca,Spagna,39.491736,-2.8855744
MTW Neumunster,"Donaubogen, 24539 Neumünster, Germania",Neumünster,,Germania,54.03632236241,9.988854342413
MUNZER Gmbh Wien,"Zentraltanklager Lobau der OMV, Uferstraße 20, 1220 Wien, Austria",Wien,,Austria,48.1636455,16.520027
N.V. Inex Bavegem,"Meulestraat 19, 9520 Sint-Lievens-Houtem, Belgio",Sint-Lievens-Houtem,,Belgio,50.941897708084,3.8649970875498
Nateoo Marghera deposito di Via Righi,"Via Augusto Righi, 8, 30175 Venezia VE, Italia",Venezia,VE,Italia,45.4646128,12.2633228
Natra Cacao S.L,"Plaça Poligono 26, 114, 46930, Valencia, Spagna",Valencia,,Spagna,39.4681111,-0.5167705
NAVOBI ERMELO,"Jonkheer Doctor C.J. Sandbergweg 7, 3852 PT Ermelo, Paesi Bassi",Ermelo,,Paesi Bassi,52.2858004,5.7311616
NEDERLAND VILADECANS,"Carrer del Noi del Sucre, 53, 08840 Viladecans, Barcelona, Spagna",Viladecans,Barcelona,Spagna,41.3100563,2.0219576
NEG Vini FOGGIA,"Strada Statale 16, 71122 Foggia FG, Italia",Foggia,FG,Italia,41.4023003,15.6187333
Neo Chim Feluy,"Belgio, 7181 Seneffe, Rue Jean Rostand",Seneffe,,,50.5380692,4.2207696
Nestlè Montfort sur Risle,"60-276 Le Moulin de la Mouche, 27290 Saint-Philbert-sur-Risle, Francia",Saint-Philbert-sur-Risle,,Francia,49.2939914,0.6560654
Nestlè Arches,"Le Haut des Prés, 88380 Arches, Francia",Arches,,Francia,48.1208122,6.5244877
Nestlè France Bouè,"14 Rue des Fabriqués, 02450 Boué, Francia",Boué,,Francia,50.0080401,3.6900428
NESTLè ITALIANA SUMMAGA DI PORTOGRUARO,"Via Enrico Mattei, 30026 Portogruaro VE, Italia",Portogruaro,VE,Italia,45.7675308,12.8089766
NESTLè PARMA,"Via Giuseppe Gioacchino Belli, 7/b, 43126 Parma PR, Italia",Parma,PR,Italia,44.8124869,10.3058463
Nestlè York,"86 Wigginton Rd, York, YO31 8JQ, Regno Unito",YO31 8JQ,,Regno Unito,53.976668,-1.0807748
NEW LAT Reggio Emilia,"Via J. F.Kennedy, 16, 42124 Reggio Emilia RE, Italia",Reggio Emilia,RE,Italia,44.708471313021,10.61070552179
NICOLAIT S.A SARREBOURG,"Rue de l'Étang, 57400 Sarrebourg, Francia",Sarrebourg,,Francia,48.7256376,7.044996
Niederrein Gold Moers,"Holderberger Straße, 47447 Moers, Germania",Moers,,Germania,51.4019941,6.6125614
NIGAY SAS FEURS,"233 Chem. du Bout du Monde, 42110 Feurs, Francia",Feurs,,Francia,45.744609114862,4.230533823208
Noblee & Thorl Hamburg,"Germania, 21079 Amburgo, Seehafenstraße 24",Amburgo,,,53.4732888,9.959654
NOVANDIE S.A.,"47 Rue Berrube, 76150 Maromme, Francia",Maromme,,Francia,49.4782052,1.0441423
NOVANDIE SAINT SYMPHORIEN,"D19, 28700 Auneau-Bleury-Saint-Symphorien, Francia",Auneau-Bleury-Saint-Symphorien,,Francia,48.460569974794,1.7533269274963
Novandie Vieil-Moutier,"11 Rte de Lottinghen, 62240 Vieil-Moutier, Francia",Vieil-Moutier,,Francia,50.673960563176,1.9088114428928
Novaol Ravenna,"Via Baiona, 54, 48123 Ravenna RA, Italia",Ravenna,RA,Italia,44.4875998,12.2652328
Novartis Nyon,"Route de l'Etraz 2B, 1197 Prangins, Svizzera",Prangins,,Svizzera,46.3939026,6.2406181
"NS Senora de Encarnacion 23460 Peal de Becerro, Jaén,","Fábrica de Hormigón, 23460 Peal de Becerro, Jaén, Spagna",Peal de Becerro,Jaén,Spagna,37.9190098,-3.1329577
NUESTRA SENORA DE LA CABEZA COOP. HUESA,"Camino del Cementerio, 29, 23487 Huesa, Jaén, Spagna",Huesa,Jaén,Spagna,37.7601423,-3.0797445
NUESTRA SENORA DEL PILAR VILLACARRILLO,"A-6204, 23300 Villacarrillo, Jaén, Spagna",Villacarrillo,Jaén,Spagna,38.1085303,-3.0740318
Nuova Padana Mangimi Piove di Sacco,"SS516, 35020 Sant'angelo di Piove di Sacco PD, Italia",Sant'angelo di Piove di Sacco,PD,Italia,45.3203211,12.002385
NUOVA SILV 00040 LANUVIO,"Via Cisternense, 17, 00040 Aprilia LT, Italia",Aprilia,LT,Italia,41.6359939,12.6675612
Nutkao Govone,"Italia, 12040 Govone CN, Zona Industriale",Govone,CN,,44.7808492,8.0952997
Nutricia Zoetermeer,"Waterzuiveringsweg, 2712 ZA Zoetermeer, Paesi Bassi",Zoetermeer,,Paesi Bassi,52.0466451,4.5012101
NUTRISWISS AG.,"Industriering 30, 3250 Lyss, Svizzera",Lyss,,Svizzera,47.091245,7.3073145
OLAM COCOA KOOG AN DE ZAAN,"Paesi Bassi, 1544 Koog aan de Zaan, Stationsstraat 54",Koog aan de Zaan,,,52.4700109,4.8086252
OLAM Cocoa Mannheim,"Am Salzkai 5, 68159 Mannheim, Germania",Mannheim,,Germania,49.496895,8.4613498
OLAM COCOA WORMER,"Veerdijk 14, 1531 Wormer, Paesi Bassi",Wormer,,Paesi Bassi,52.4887256,4.8068317
"Old Farmhouse, Brick Kiln Hill, Boxford,","Old Farmhouse, Brick Kiln Hill, Boxford, Sudbury CO10 5NY, Regno Unito",Sudbury CO10 5NY,,Regno Unito,52.009214,0.8580055
Olearia del Garda Bardolino,"Largo del Casel, 19, 37011 Bardolino VR, Italia",Bardolino,VR,Italia,45.5441256,10.7377801
Oleicola Ilercavonia,"C-12, 43750 Flix, Provincia di Tarragona, Spagna",Flix,Provincia di Tarragona,Spagna,41.2372801,0.5470193
Oleificio Barbi Brescia,"Via degli Stampatori, 27, 25127 Brescia BS, Italia",Brescia,BS,Italia,45.555216,10.1990881
Oleificio di Moniga - Moniga del Garda,"Via Namponti, 3A, 25080 Moniga del Garda BS, Italia",Moniga del Garda,BS,Italia,45.5284233,10.5326446
Oleificio di San Giorno,"Via Ettore Majorana, 19, 33058 Zona Industriale Aussa Corno UD, Italia",Zona Industriale Aussa Corno,UD,Italia,45.7781841,13.2375625
Oleificio IBROS,"Calle Comandante Espadas, 23450 Ibros, Spagna",Ibros,,Spagna,38.0210602,-3.5063336
Oleificio Manzoni Vailate,"Via Lombardia, 4, 24040 Calvenzano BG, Italia",Calvenzano,BG,Italia,45.4737812,9.5975152
Oleificio Medio Piave Fontanelle di Oderzo,"Italia, 31043 Fontanelle TV, Via Calstorta, 125-127",Fontanelle TV,Via Calstorta,,45.7873554,12.4696341
Oleificio Roybon,"100 Impasse Grandjean, 38940 Roybon, Francia",Roybon,,Francia,45.259442,5.2407985
Oleificio Zucchi Cremona,"Via Acquaviva, 16, 26100 Cremona CR, Italia",Cremona,CR,Italia,45.1479504,9.9526652
Olenex Brake,"Nordstrasse 40, 26919 Brake",Nordstrasse 40,,,53.34613,8.49238
Olenex Rotterdam,"Vondelingenplaat 50, 3196 Vondelingenplaat, Paesi Bassi",Vondelingenplaat,,Paesi Bassi,51.8878717,4.3329353
OLEO GUADALORA,"Diseminado Diseminados, 13, 14740, Córdoba, Spagna",Córdoba,,Spagna,37.8030303,-5.2742021
OLEO VERDE S.L VILLANUEVA DE ALGAIDAS,"Lugar Matagallar, 1, 29310 Villanueva de Algaidas, Málaga, Spagna",Villanueva de Algaidas,Málaga,Spagna,37.176814,-4.4553831
OLEON NV ERTVELDE,"Weg zonder naam, 9940 Evergem, Belgio",Evergem,,Belgio,51.181046354647,3.7855800601189
Oleon Oelegem,"Vaartstraat 220, 2520 Ranst, Belgio",Ranst,,Belgio,51.2073354,4.5898993
OLEON VENETTE,"513 Ancien Port À Bois, 60280 Venette, Francia",Venette,,Francia,49.4067315,2.7941173
Oleosyn BIO,"4 Rue Jean Devaux, 79100 Thouars, Francia",Thouars,,Francia,46.9965078,-0.1999219
Oleum Oudenaarde,"Pontstraat, 9700 Oudenaarde, Belgio",Oudenaarde,,Belgio,50.832735437746,3.589271951307
OLFOOD BORGO SAN GIACOMO,"Strada per i Castelletti, 25022 Borgo San Giacomo BS, Italia",Borgo San Giacomo,BS,Italia,45.3413855,9.9911723
Olicaf S.Stefano di Zimella,"Via dell'Artigianato, 24, 37040 Zimella VR, Italia",Zimella,VR,Italia,45.3588589,11.3421832
Olio Viola Bardolino,"Via Molini, 7, 37011 Bardolino VR, Italia",Bardolino,VR,Italia,45.546493954272,10.733012586565
ORGANIC OILS MUGNANO,"Viale Trasimeno, 78, 06063 PG, Italia",PG,,Italia,43.0606665,12.2133224
ORLEN Południe S.A. TRZEBINIA,"Fabryczna 22, 32-540 Trzebinia, Polonia",32-540 Trzebinia,,Polonia,50.1622759,19.4458903
Owoc Łącki Koncentraty Olszana,"Olszana 270, 33-386, Polonia",33-386,,Polonia,49.5750372,20.5178906
PADANIA ALIMENTI CASALMAGGIORE,"Via Enrico Fermi, 79, 26041 Casalmaggiore CR, Italia",Casalmaggiore,CR,Italia,44.9773042,10.4324041
"Palsgaard 7130 Juelsminde, Danimarca","Palsgaardvej, 7130 Juelsminde, Danimarca",Juelsminde,,Danimarca,55.7513328,10.022516
PANAVI S.A. TORCE,"D777, 35370 Étrelles, Francia",Étrelles,,Francia,48.0772466,-1.2593088
PARAMELT VEENDAM B.V.,"Paesi Bassi, 9641 Veendam, Adriaan Tripweg 25",Veendam,,,53.101053,6.8889653
Parcheggio Barry Verbania,"Corso Europa, 45, 28922 Pallanza VB, Italia",Pallanza,VB,Italia,45.927391500793,8.5625649801104
PARMALAT Collecchio,"Via Milano, 43044 Collecchio PR, Italia",Collecchio,PR,Italia,44.757563732317,10.205363215551
PARMOVO,"Sacchetta Strada Sabbiata, 43052 Colorno PR, Italia",Colorno,PR,Italia,44.9520125,10.384204
PASSINA PRODUCTS B.V BREDA,"Belcrumweg 7, 4815 HA Breda, Paesi Bassi",Breda,,Paesi Bassi,51.5975516,4.7690643
PASTIFICIO RANA PARATICO,"Via Vanzago, 1, 25030 Paratico BS, Italia",Paratico,BS,Italia,45.6498974,9.9410264
PATRIMONIO COMUNAL OLIVARE ESPELUY,"Av de la Libertad, 1, 23628 Espelúy, Jaén, Spagna",Espelúy,Jaén,Spagna,38.0117453,-3.834075
"Patrimonio Olivarero de Atarfe,","18230, Ctra. Pinos Puente, 18, Atarfe, Granada, Spagna",Granada,,Spagna,37.2181838,-3.6971795
PBI FRUIT JUICE COMPANY N.V. ZEEBRUGGE,"Jozef Verschaveweg 100, 8380 Bruges, Belgio",Bruges,,Belgio,51.3164735,3.2115018
PELLEGRINI SPA RONCA',"Viale dell'Industria, 4, 37030 Roncà VR, Italia",Roncà,VR,Italia,45.477035,11.2993965
Pellegrini Este,"Via Atheste, 38D, 35042 Este PD, Italia",Este,PD,Italia,45.2194568,11.6760358
PERFETTI WEERT,"Graafschap Hornelaan 130, 6004 HT Weert, Paesi Bassi",Weert,,Paesi Bassi,51.2603765,5.723577
PERFETTI BREDA,"Zoete Inval 8, 4815 NC Breda, Paesi Bassi",Breda,,Paesi Bassi,51.5965618,4.7520373
PERFETTI LAINATE,"Via A. Clerici, 30, 20045 Lainate MI, Italia",Lainate,MI,Italia,45.5769117,9.0314052
PERNIGOTTI NOVI LIGURE,"Via IV Novembre, 31, 15067 Novi Ligure AL, Italia",Novi Ligure,AL,Italia,44.7695278,8.7867346
Pernod Ricard Canelli,"SP42, 62-28, 14053 Canelli AT, Italia",Canelli,AT,Italia,44.713410776265,8.2861227759086
PESA COLONIA,"Fettenweg 3, 50829 Köln, Germania",Köln,,Germania,50.969286,6.8660008
Pesa cooperativa APT,"1062 Av. de Lançon, 84400 Apt, Francia",Apt,,Francia,43.886049983532,5.3734830043158
PESA HUNINGUE,"1 Weil am Rhein Center-Huningue BPG, 68330 Huningue, Francia",Huningue,,Francia,47.597039,7.5911863
PESA PALMA DEL RIO,"Fuente Palmera, 1, 14700 Palma del Río, Córdoba, Spagna",Palma del Río,Córdoba,Spagna,37.7018923,-5.2612596
PESA PER AMBRA CHOCOLATE,"C.so Asti, 24/A, 12051 Alba CN, Italia",Alba,CN,Italia,44.7147352,8.0317851
Pesa per Diana Eiprodukte Bonn,"Am Dickobskreuz 11a, 53121 Bonn, Germania",Bonn,,Germania,50.7362831,7.0751977
PESA PER DOSSO,"Via Statale, 9-39, 44047 San Carlo FE, Italia",San Carlo,FE,Italia,44.8016828,11.4146038
PESA PER TULIP EDE,"Max Planckstraat 17, 6716 BD Ede, Paesi Bassi",Ede,,Paesi Bassi,52.0314538,5.6268025
PESA PER WALCOR,"Via G. Feroldi, 18, 25026 Pontevico BS, Italia",Pontevico,BS,Italia,45.268774786887,10.093516010357
PESA PUBBLICA,"Delmenhorster Straße 12, 50735 Köln, Germania",Köln,,Germania,50.99973,6.95285
Pfeifer & Langen GmbH,"An den Sieben Stücken 2, 06420 Könnern, Germany",Könnern,,Germania,51.6992367,11.758571
PFP BIODIESEL CASTENEDOLO,"Via Industriale, 13, 25014 Castenedolo BS, Italia",Castenedolo,BS,Italia,45.4801856,10.2835133
Philip Morris Crespellano,"Philip Morris, 40056 Valsamoggia BO, Italia",Valsamoggia,BO,Italia,44.551687395681,11.160475107726
Philipp A. N. Köhler GmbH Hainburg,"Herderstraße 31-33, 63512 Hainburg, Germania",Hainburg,,Germania,50.0751414,8.9586075
PHOSPOLIPID GMBH COLONIA,"Rath-Mengenicher Weg 76, 50829 Köln, Germania",Köln,,Germania,50.978848,6.8544031
Pietro Coricelli S.p.A. Spoleto,"Località Madonna di Lugo, 44, 06049 Spoleto PG, Italia",Spoleto,PG,Italia,42.7738146,12.7533609
Plauen Vogtlandmilch GmbH,"Pausaer Str. 167, 08525 Plauen, Germania",Plauen,,Germania,50.5202412,12.1138748
Polch /Griesson De Beukelaer GMBH,"Otto-Hahn-Straße 1, 56751 Polch, Germania",Polch,,Germania,50.305367716344,7.3221315138211
Polmlek Raciaz,"Zawoda 48, 09-140 Raciąż, Polonia",09-140 Raciąż,,Polonia,52.783677,20.1313709
Polynt Spa Cavaglià,"Via Abate Bertone, 10, 13881 Cavaglia' BI, Italia",Cavaglia',BI,Italia,45.386922192247,8.1220498931523
Polysistem Monfalcone,"Italia, 34074 Monfalcone GO, Via Timavo, 74",Monfalcone GO,Via Timavo,,45.7927319,13.5580894
POWEROIL ROSTOCK,"Am Düngemittelkai 5, 18147 Rostock, Germania",Rostock,,Germania,54.1537557,12.1199878
Praxis Marchena,"A-380, 41620 Marchena, Spagna",Marchena,,Spagna,37.3352822,-5.4236227
Pregnitzer Chemie Wittenberge,"Zur Hafenspitze 15, 19322 Wittenberge, Germania",Wittenberge,,Germania,52.9873477,11.7773505
Probicasa Calasparra,"Diseminado Pantano Alfonso XIII, 65, 30420, Murcia, Spagna",Murcia,,Spagna,38.228102690512,-1.6917511611902
PRODALIM HOLLAND B.V.,"Vierhavensstraat 30, 3029 BE Rotterdam, Paesi Bassi",Rotterdam,,Paesi Bassi,51.9075644,4.437913
PRODIA ST AMOUR,"Au Vernay, 39160 Nanc-lès-Saint-Amour, Francia",Nanc-lès-Saint-Amour,,Francia,46.4196971,5.3188765
Progeo - Sorbara,"Via Ravarino Carpi, 192-194, 41030 Sorbara MO, Italia",Sorbara,MO,Italia,44.7498713,11.0043655
"PROGRESSO AGRICOLO, CRECCHIO","SS538, 66030 Arielli CH, Italia",Arielli,CH,Italia,42.2690439,14.3249949
PROVENCE HUILES 82056 VITROLLES (FR),"25 Avenue de Rome, 13127 Vitrolles, Francia",Vitrolles,,Francia,43.4358578,5.2487065
PUNICA Hamburg,"Reiherstieg-Hauptdeich 39, 21107 Amburgo, Germania",Amburgo,,Germania,53.5096683,9.9765805
Quaranta Caravaggio,"Via Leonardo da Vinci, 221, 24043 Caravaggio BG, Italia",Caravaggio,BG,Italia,45.4808315,9.6522936
"QUIRANTE FRUITS 03350 COX, Alicante (E)","Lugar Diseminado Cox, 166A, 03350, Alicante, Spagna",Alicante,,Spagna,38.1547886,-0.9090363
Raffael Montoro Inferiore,"Strada Provinciale 90, 83025 Montoro Inferiore AV, Italia",Montoro Inferiore,AV,Italia,40.8197375,14.7748353
Ravazzi Orio al Serio,"Viale Lombardia, 10, 24050 Orio Center BG, Italia",Orio Center,BG,Italia,45.6634493,9.6890757
REFINERIA ANDALUZA ALCOLEA,"N-IV, 14610 Córdoba, Spagna",Córdoba,,Spagna,37.9315545,-4.6535378
Refresco Benelux,bodegraven europaweg 6,,,,52.0705424,4.7446291
REFRESCO CASLINO AL PIANO,"Via alla Fonte, 13, 22071 Caslino al Piano CO, Italia",Caslino al Piano,CO,Italia,45.7064358,9.038717
REFRESCO DEUTCHLAND HERRATH,"Ringstraße 7, 41189 Mönchengladbach, Germania",Mönchengladbach,,Germania,51.1019411,6.3611026
REFRESCO FRANCE S.A. NUITS SAINT GEORGES,"33 Rue Paul Paqueriaud, 21700 Nuits-Saint-Georges, Francia",Nuits-Saint-Georges,,Francia,47.1282715,4.9620563
REFRESCO FRANCE S.A. LE QUESNOY,"Chem. du Vivier À Prêtres, 59530 Le Quesnoy, Francia",Le Quesnoy,,Francia,50.2574103,3.6271353
refresco Marges,"Charbonneux et Layat, 26260 Marges, Francia",Marges,,Francia,45.1319052,5.0252194
RENEWABLE ENERGY GROUP SUDLOHN,"Daimlerstraße 10, 46354 Südlohn, Germania",Südlohn,,Germania,51.936746,6.8238115
REPSOL LA CANONJA,"Carrer d'Entrevies, 15D, 43110 La Canonja, Tarragona, Spagna",La Canonja,Tarragona,Spagna,41.1098768,1.1904746
Repsol La Pobla,"Carrer Sant Plàcid, 49, 43760 El Morell, Provincia di Tarragona, Spagna",El Morell,Provincia di Tarragona,Spagna,41.1928792,1.2205033
Repsol Puertollano,"CR-504, Complejo Industrial Repsol, 13500 Puertollano, Spagna",Puertollano,,Spagna,38.6804874,-4.0567904
RFG Raiffeisen Flüssigfutter GmbH Hans-Böckler-Straße 27 D 59348 Lüdinghausen,"Hans-Böckler-Straße 27, 59348 Lüdinghausen, Germania",Lüdinghausen,,Germania,51.7605065,7.4273661
Ricerche Sperimentali Montale - Pistoia,"Autostrada Firenze-Mare, 51100 Pistoia PT, Italia",Pistoia,PT,Italia,43.9071476,10.9489857
Riedel Ede,"Frankeneng 12, 6717 AG Ede, Paesi Bassi",Ede,,Paesi Bassi,52.0315133,5.6474769
Rigoni di Asiago Foza (VI),"Via Gecchelini, 36010 Foza VI, Italia",Foza,VI,Italia,45.8972134,11.6281176
Riha WeserGold Rinteln,"Behrenstraße 44-64, 31737 Rinteln, Germany",Rinteln,,Germania,52.1695267,9.0869913
RIHO Dodewaard,"Paesi Bassi, 6669 Dodewaard, Voorenswei 6",Dodewaard,,,51.9165635,5.650005
RIHO NIJMEGEN,"Nijverheidsweg 53, 6541 CL Nijmegen, Paesi Bassi",Nijmegen,,Paesi Bassi,51.8489516,5.8218871
Roana Cereali,"Via Mario Malfatto, 44, 45100 Rovigo RO, Italia",Rovigo,RO,Italia,45.0406575,11.8282824
ROQUETTE CASSANO SPINOLA,"V. Serravalle, 26, 15063 Cassano Spinola AL, Italia",Cassano Spinola,AL,Italia,44.7592197,8.8552073
Roquette Laisa España Benifaio,"Av. Jaume I, 1, 46450 Benifaió, Valencia, Spagna",Benifaió,Valencia,Spagna,39.2842242,-0.4321833
ROQUETTE LESTREM,"60 Impasse de la Roquette, 59253 La Gorgue, Francia",La Gorgue,,Francia,50.63346,2.6846335
Royal Chocolates Mol,"Postelarenweg 229, 2400 Mol, Belgio",Mol,,Belgio,51.1907804,5.0950106
Royal VIV Buisman,"Pluimersdijk 1, 7021 HW Zelhem, Paesi Bassi",Zelhem,,Paesi Bassi,52.0033586,6.3563563
RUBIS 76380 Val de Haye,"50 Avenue de Quenneport, 76380 Val-de-la-Haye, Francia",Val-de-la-Haye,,Francia,49.3924658,1.0084293
Ruiz Canela Aguilar de la Frontera,"Autovía de Málaga, 14550 Montilla, Spagna",Montilla,,Spagna,37.542105,-4.6551026
Rynkeby Foods A/S Vestergade 30 DK-5750 Ringe,"Vestergade 30, 5750 Ringe, Denmark",Ringe,,Danimarca,55.2331142,10.4734807
S.a.m.o.,"Bas de la Madeleine, 86110 Mirebeau, Francia",Mirebeau,,Francia,46.787764478055,0.17014953457708
SA Perrin-Vermot CLERON,"16 ZA, 25330 Cléron, Francia",Cléron,,Francia,47.079793027135,6.052586657046
SAAR Deposito Genova,"Calata alla Sanità, 16126 Genova, Italia",Genova,,Italia,44.4027154,8.916948
SABO SPECIALITIES AG. OLEIFICIO,"Seestrasse 110, 9326 Horn, Svizzera",Horn,,Svizzera,47.498644,9.449726
Sachsenmilch AG,"An den Breiten 1, 01454 Wachau, Germania",Wachau,,Germania,51.1520967,13.9781691
Saclà Asti,"Corso Antonio Gramsci, 14100 Asti AT, Italia",Asti,AT,Italia,44.8934985,8.1988008
Sagem Roseto degli Abruzzi,"Via Santa Petronilla, 64026 Roseto degli Abruzzi TE, Italia",Roseto degli Abruzzi,TE,Italia,42.6604244,14.012227
"SAIPOL Montoir-de-Bretagne, Francia","Rue de la Chaloupe, 44550 Montoir-de-Bretagne, Francia",Montoir-de-Bretagne,,Francia,47.309338,-2.1282648
Saipol G.Couronne,"Boulevard du Fossé Blondel, 76530 Grand-Couronne, Francia",Grand-Couronne,,Francia,49.351759,0.9896668
Saipol Le Meriot,"1 Les Essarts, 10400 Le Mériot, Francia",Le Mériot,,Francia,48.499749199183,3.4722774642701
SAIPOL LEZOUX,"16 Rue Georges Clemenceau, 63190 Lezoux, Francia",Lezoux,,Francia,45.8281743,3.3745766
Saipol Sete,"D612, 34110 Frontignan, Francia",Frontignan,,Francia,43.4094411,3.7246887
SAMMONTANA EMPOLI,"Via Leopoldo Giuntini, 63, 50053 Empoli FI, Italia",Empoli,FI,Italia,43.7206635,10.9711488
SAMO MIREBEAU,"8 Rue de l'Industrie, 86110 Mirebeau, Francia",Mirebeau,,Francia,46.7875355,0.171936
SAMOX SRL SAN GIULIANO TERME,"Via Filippo Turati, 29, 56017 Metato PI, Italia",Metato,PI,Italia,43.7666273,10.3670906
Sampierdarena Olii Genova,"Via al Ponte Somalia, 16149 Genova GE, Italia",Genova,GE,Italia,44.407352220094,8.8909932889905
San Gabriele Trebaseleghe,"Via Amerigo Vespucci, 12-30, 35010 Trebaseleghe PD, Italia",Trebaseleghe,PD,Italia,45.5832954,12.0559321
SAN JULIAN S.C.A. DEL CAMPO 23770 Marmolejo,"Calle los Gatos, 10-18, 23770 Marmolejo, Jaén, Spagna",Marmolejo,Jaén,Spagna,38.0472111,-4.1657358
Sanchez Carboneras,"AL-5106, 04140 Carboneras, Almería, Spagna",Carboneras,Almería,Spagna,36.9704126,-1.9056738
Sanchez Successores Cabra,"Carretera Antigua de Cabra, 14940 Cabra, Spagna",Cabra,,Spagna,37.4729074,-4.4920965
SANCHIS MIRA S.A. JIJONA,"Arrabal Urbz Ind Espartal III, 1F, 03100, Alicante, Spagna",Alicante,,Spagna,38.5198779,-0.4835916
Sanex S.Perpetua de Mogoda,"Spagna, 08130 Santa Perpètua de Mogoda, Carrer de Flassadres, 17",Santa Perpètua de Mogoda,Carrer de Flassadres,,41.5315415,2.1493484
SANSIFICIO VECERE TREGLIO,"Contrada Paglieroni, 83, 66030 Pagliaroni CH, Italia",Pagliaroni,CH,Italia,42.2609318,14.4288108
SANTA CRUZ DE ALPERA,"C. Cooperativa, S/N, 02690 Alpera, Albacete, Spagna",Alpera,Albacete,Spagna,38.9585674,-1.2366936
Santagata Genova,"Via Albisola, 121, 16162 Genova, Italia",Genova,,Italia,44.4699538,8.8936581
SARIA NORD SWIETAJNO,"53, Polonia",53,,Polonia,53.5189505,21.3019263
SATECO,"Via Argine, 42022 Gualtieri RE, Italia",Gualtieri,RE,Italia,44.90441373093,10.561942007055
SATECO Boretto,"Via Strada Statale 62, 42022 Boretto RE, Italia",Boretto,RE,Italia,44.9028891,10.5685581
Savi Italo Fiorenzuola d'Arda,"SP38, 178, 29017 Fiorenzuola d'Arda PC, Italia",Fiorenzuola d'Arda,PC,Italia,44.922308745248,9.8552888050866
SCANTRA SRA DEL CARMEN – C/VillaDompardo 106 23650 Torredonjimeno (Jaen),"Calle Villardompardo, 106, 23650 Torredonjimeno, Jaén, Spagna",Torredonjimeno,Jaén,Spagna,37.772121981129,-3.9663985958354
Schenk Spa Ora,"Via Stazione, 43, 39040 Ora BZ, Italia",Ora,BZ,Italia,46.3600962,11.297761
SCHOEMACHER ZAANDAM,"Diederik Sonoyweg 1, 1509 BR Zaandam, Paesi Bassi",Zaandam,,Paesi Bassi,52.47145,4.826586
SCHOKINAG-Schokolade-Industrie GmbH NECKARVORLANDSTRASSE 21-25 68159 Indirizzo - MANNHEIM - DE,"Neckarvorlandstraße 21-25, 68159 Mannheim, Germania",Mannheim,,Germania,49.4957582,8.4627254
Schwälbchen AG Bahnhofstraße 38 65307 Bad Schwalbach,"Rothfeld 1, 65307 Bad Schwalbach, Germania",Bad Schwalbach,,Germania,50.1484625,8.0829771
SEA TANK TERMINAL GENT,"Henri Farmanstraat 25, 9000 Gent, Belgio",Gent,,Belgio,51.0809531,3.7435146
SECNA Chiva,"C-3322, 46370 Chiva, Valencia, Spagna",Chiva,Valencia,Spagna,39.463686328085,-0.70371695236499
Sedamyl S.P.A. Saluzzo,"Via Grande Torino, 6, 12037 Saluzzo CN, Italia",Saluzzo,CN,Italia,44.6513718,7.4831618
SERUM ITALIA Via dei Patrioti 33 I 25046 Cazzago San Martino(BS),"Località Stocchetta, 25, 25046 Perosini BS, Italia",Perosini,BS,Italia,45.5598653,10.049047
Sibat Tomarchio,"Via Loreto Balatelle, 72, 95024 Acireale CT, Italia",Acireale,CT,Italia,37.630332,15.1544197
Sicna srl Bollate,"Vicolo Madonna, 9, 20021 Bollate MI, Italia",Bollate,MI,Italia,45.5549736,9.1425606
SILO FIRENZE,"Via di S. Bartolo a Cintoia, 104, 50142 Firenze FI, Italia",Firenze,FI,Italia,43.7805013,11.1846245
Sintofarm,"Via Chitarrara, 4a, 47854 Monte Colombo RN, Italia",Monte Colombo,RN,Italia,43.9178228,12.5882007
SIPA BINDI s.p.a.,"Italia, 20098 San Giuliano Milanese MI, Via della Liberazione, 4",San Giuliano Milanese MI,Via della Liberazione,,45.3949415,9.2620664
Sipral Padana - Bagnolo Cremasco,"Strada Provinciale ex Strada Statale 415 Paullese, 26010 Bagnolo Cremasco CR, Italia",Bagnolo Cremasco,CR,Italia,45.369332,9.6184803
SIRCA,"Str. S. Dono, 148, 30033 Noale VE, Italia",Noale,VE,Italia,45.55586,12.0327283
Sivam Battipaglia,"Viale Brodolini, 33, 84091 Asi SA, Italia",Asi,SA,Italia,40.589739306915,14.990980754349
SLVA SAINT GENES CHAMPANELLE,"1 N89, 63122 Saint-Genès-Champanelle, Francia",Saint-Genès-Champanelle,,Francia,45.704688335725,3.0196408475976
Soc Cooperativa Agricola A R.L. Coltivatori Diretti Tollo,"Via Sabatiniello, 5, 66010 Tollo CH, Italia",Tollo,CH,Italia,42.3477884,14.3209522
SOCADO VILLAFRANCA,"Via Spagna, 20-22, 37069 Villafranca di Verona VR, Italia",Villafranca di Verona,VR,Italia,45.3691948,10.8603147
"Sociedad Cooperativa Andaluza ""San Fernando""","Cam. de la Alcubilla, S/N, 23760 Arjona, Jaén, Spagna",Arjona,Jaén,Spagna,37.9287626,-4.0655504
SOJINAL ISSENHEIM,"3 D3B, 68500 Issenheim, Francia",Issenheim,,Francia,47.9101826,7.27232
Solarec S.A. Rue des Azalées 3B 7331 Baudour,"Rue des Azalées 3B, 7331 Saint-Ghislain, Belgio",Saint-Ghislain,,Belgio,50.4799387,3.8516662
SOLENT GMBH & CO. KG. PALENBERG,"L225, 52531 Übach-Palenberg, Germania",Übach-Palenberg,,Germania,50.918913,6.146592
Solvay Rosignano,"Stab. Aniene, 57016 Rosignano Solvay-castiglioncell LI, Italia",Rosignano Solvay-castiglioncell,LI,Italia,43.3779561,10.4660747
SONAC ELSHOLZ,"Bahnhofsweg 3, Nuthetal-Beelitzer Sander, 14547 Beelitz, Germania",Beelitz,,Germania,52.2047306,12.9507305
SONAC Versmold,"Siedinghausen 19, 33775 Versmold, Germania",Versmold,,Germania,52.051333765906,8.2462446537033
SONNLANDER GETRANKE ROSTOCK,"Unnamed Road, 18107 Rostock, Germania",Rostock,,Germania,54.1379735,12.0418958
SOPHIM S.A. PEYRUIS,"3 La Sève, 04310 Peyruis, Francia",Peyruis,,Francia,44.0436338,5.9630816
Sorini Castelleone,"Via Medaglie D'Argento, 6, 26012 Castelleone CR, Italia",Castelleone,CR,Italia,45.2957411,9.752165
Sottobosco Paoli Mattarello,"Località le Basse, 10, 38123 Mattarello TN, Italia",Mattarello,TN,Italia,45.9997735,11.1242993
Sperlari Cremona,"Via Milano, 16, 26100 Cremona CR, Italia",Cremona,CR,Italia,45.1427183,9.9978303
Sperone Vini Cusano M.,"Italia, 20095 Cusano Milanino MI, Via Vincenzo Bellini, 23",Cusano Milanino MI,Via Vincenzo Bellini,,45.5439187,9.1817307
Spiga Nord Carasco,"Via Pontevecchio, 16042 Carasco GE, Italia",Carasco,GE,Italia,44.3453018,9.3444755
SPUMADOR SULMONA,"Via Contrada San Nicola, 3, 67039 Sulmona AQ, Italia",Sulmona,AQ,Italia,42.0796655,13.9098094
SRC - Pieter Bon Zaandam,"Paesi Bassi, 1506 Zaandam, Symon Spiersweg 18",Zaandam,,,52.4260923,4.818932
STAHL Paderno Dugnano,"Via Alessandro Manzoni, 37, 20037 Paderno Dugnano MI, Italia",Paderno Dugnano,MI,Italia,45.578882828415,9.1573211011814
"STEFFAN - PERO VIA R.SANZIO, 4 I-20016 PERO (M","Via Raffaello Sanzio, 11, 20016 Pero MI, Italia",Pero,MI,Italia,45.5036982,9.078096
STERILGARDA CASTIGLIONE DELLE STIVIERE,"Via Medole, 75, 46043 Castiglione delle Stiviere MN, Italia",Castiglione delle Stiviere,MN,Italia,45.3648685,10.4927721
STOCK MESTRINO,"Via Fabio Filzi, 3, 35035 Mestrino PD, Italia",Mestrino,PD,Italia,45.4450031,11.752824
Stollwerck Berlino,"Motzener Str. 32, 12277 Berlin, Germania",Berlin,,Germania,52.4012726,13.3820435
Storiche Cantine di Radda in Chianti San Casciano,"Strada Provinciale Certaldese I, 50026 San Casciano in Val di pesa FI, Italia",San Casciano in Val di pesa,FI,Italia,43.6447568,11.17227
"Strada senza nome, 70023 Gioia del Colle BA, Italia","Strada senza nome, 70023 Gioia del Colle BA, Italia",Gioia del Colle,BA,Italia,40.82586730916,16.876673358608
SUANFARMA ROVERETO,"SS12, 38068 Rovereto TN, Italia",Rovereto,TN,Italia,45.863067365029,11.02690060098
Sueco Faenza,"Via Sant'Andrea, 4, 48018 Faenza RA, Italia",Faenza,RA,Italia,44.3327588,11.9082905
SUPERGLANZ MONTEMURLO,"Via Parugiano di Sotto, 10, 59013 Montemurlo PO, Italia",Montemurlo,PO,Italia,43.9050924,11.0391154
SVZ KARCZMISKA SP.ZO.O24-310,"Droga Wojewódzka 824, Polonia",Droga Wojewódzka 824,,Polonia,51.2288186,21.9849553
SVZ RIJKEVORSEL,"Gammel 77-89, 2310 Rijkevorsel, Belgio",Rijkevorsel,,Belgio,51.3788746,4.7557148
Sylla Coop APT,"2 Av. du Viaduc, 84400 Apt, Francia",Apt,,Francia,43.884161488467,5.380523070646
SYMRISE GMBH BRAUNSCHWEIG,"Hansestraße 33, 38112 Braunschweig, Germania",Braunschweig,,Germania,52.313123,10.498384
SYRAL MARCKOLSHEIM,"Zone Portuaire et Industri, 67390 Marckolsheim, Francia",Marckolsheim,,Francia,48.1678977,7.5966938
T.F.L. FRANCE S.A. HUNINGUE,"88 Avenue de Bâle, 68330 Huningue, Francia",Huningue,,Francia,47.581755,7.5821963
TAMINCO GENT,"Vondelgemsemeersen, Zeeschipstraat 100, 9000 Gand, Belgio",Gand,,Belgio,51.0940515,3.7240607
Tampieri Faenza,"Via Granarolo, 48018 Faenza RA, Italia",Faenza,RA,Italia,44.31624368119,11.902784930364
Tank Quid Neuss,"Duisburger Straße 15-17, 41460 Neuss, Germania",Neuss,,Germania,51.2130061,6.6988488
Tank Service Valley Ede,"Schabernauseweg 1, 6718, 6718 XN Ede, Paesi Bassi",Ede,,Paesi Bassi,52.0352251,5.6080815
Tate & Lyle Netherlands Koog aan de Zaan,"Lagendijk 27, 1541 KE Koog aan de Zaan, Paesi Bassi",Koog aan de Zaan,,Paesi Bassi,52.465961773041,4.8116833116923
TEN KATE Ter Apelkanaal,"Bedrijfsweg, 9563 Ter Apelkanaal, Paesi Bassi",Ter Apelkanaal,,Paesi Bassi,52.9250048,7.0434733
TENUTA CA' BOLANI,"SR352var, 33052 Cervignano del Friuli UD, Italia",Cervignano del Friuli,UD,Italia,45.8321953,13.3171775
TENUTA di Mocenni,"Strada Comunale di Mocenni, 53019 Castelnuovo Berardenga SI, Italia",Castelnuovo Berardenga,SI,Italia,43.4212493,11.3277505
Tenute Neirano Monbaruzzo,"Via S. Michele, 43, 14046 Casalotto AT, Italia",Casalotto,AT,Italia,44.761382,8.4138339
TERIOS MESNIL,"D35, 80190 Mesnil-Saint-Nicaise, Francia",Mesnil-Saint-Nicaise,,Francia,49.76813,2.9091701
Terminal Trade&Trans Expert Slawkow-Debowa Gora,"Dębowa Góra 29, 41-260 Sławków, Polonia",41-260 Sławków,,Polonia,50.2776539,19.3646469
TERQUIMSA TARRAGONA,"Carrer Particular Aliada Química, 43006 Tarragona, Spagna",Tarragona,,Spagna,41.1026508,1.2250096
Terre Cortesi Moncaro Montecarotto,"SP11, 8, 60036 Montecarotto AN, Italia",Montecarotto,AN,Italia,43.5249708,13.0986931
THANOS S.A Zevgolatio Korintia Grecia,"Οdos xoris onomasia, Velo Vocha 200 01, Grecia",Velo Vocha 200 01,,Grecia,37.909495,22.8053463
Top Agri Roverchiara,"Via Cappafredda, 37050 Cappafredda VR, Italia",Cappafredda,VR,Italia,45.2702683,11.2162213
"TORREVENTO STRADA PROVINCIALE 234 KM 10,600 I-70033 CORATO","SP234, 70033 Corato BA, Italia",Corato,BA,Italia,41.0952698,16.3438895
trimbach,"Baslerstrasse 137, 4632 Trimbach, Svizzera",Trimbach,,Svizzera,47.361834,7.8969425
Trolli Gmbh Hagenow,"Steegener Ch 13, 19230 Hagenow, Germania",Hagenow,,Germania,53.4199698,11.1828968
Tulip Cacao Ede,"Lorentzstraat 6, Frankeneng, 6716 AD Ede, Paesi Bassi",Ede,,Paesi Bassi,52.0281087,5.6426705
TULIP COCOA FEHRBELLIN,"Euromar Str., 16833 Fehrbellin, Germania",Fehrbellin,,Germania,52.795631,12.7897126
TULIP COCOA VELTEN BERLIN,"Berliner Str. 20, 16727 Velten, Germania",Velten,,Germania,52.6779093,13.1909618
Uckermarker Milch PRENZLAU,"Industrie- und Gewerbegebiet Ost, Brüssower Allee 85, 17291 Prenzlau, Germania",Prenzlau,,Germania,53.328314570238,13.887623361469
Ulmer Wilhelmshaven,"Jeversche Straße 26A, 26382 Wilhelmshaven, Germania",Wilhelmshaven,,Germania,53.5182602,8.0926717
Umbria Oli,"Via G. Agnelli, 10, 06042 Campello Sul Clitunno PG, Italia",Campello Sul Clitunno,PG,Italia,42.8187268,12.7663061
Undesa Calderara di Reno,"Italia, 40012 Calderara di Reno BO, Via Giuseppe Garibaldi, 13",Calderara di Reno BO,Via Giuseppe Garibaldi,,44.5514018,11.286113
Uniferm GmbH,"Industriestraße 4-22, 40789 Monheim am Rhein, Germania",Monheim am Rhein,,Germania,51.0696323,6.895787
Unigrà Conselice,"Italia, 48017 Conselice RA, SP59",Conselice,RA,,44.5330618,11.8593837
Unilever Caivano,"Italia, 80023 Caivano NA, Zona Industriale",Caivano,NA,,40.9831977,14.3011872
Unilever Heppenheim,"Langnesestr, 64646 Heppenheim (Bergstraße), Germany",Heppenheim (Bergstraße),,Germania,49.6361755,8.6177563
UNILEVER ROTTERDAM,"Roentgenstraat 25, 3071 Feijenoord district, Paesi Bassi",Feijenoord district,,Paesi Bassi,51.9135756,4.5043393
Unimills Zwijndrecht,"Lindtsedijk, 3333 Zwijndrecht, Paesi Bassi",Zwijndrecht,,Paesi Bassi,51.8071616,4.6380645
UNION LAITIERE DE LA MEUSE,"Le Nid de Cygne, 55100 Bras-sur-Meuse, Francia",Bras-sur-Meuse,,Francia,49.1951318,5.3729961
Urzante Tudela,"La Serna, Calle A, 31500 Tudela, Spagna",Tudela,,Spagna,42.0784464,-1.6478122
V.O.G Laives,"SS12, 39055 Laives BZ, Italia",Laives,BZ,Italia,46.4115286,11.3286754
VALCOLATTE,"Via Firenze, 18, 29010 Valconasso PC, Italy",Valconasso,PC,Italia,44.9651112,9.7830765
"VALENSINA 41238 Mönchengladbach,","Ruckes 90, 41238 Mönchengladbach, Germania",Mönchengladbach,,Germania,51.1603415,6.4951766
Valli Estensi s.rl. Viale Adriatico 36 I-44020 Masi Torello (FE),"Via Comacchio, 44020 Masi Torello FE, Italia",Masi Torello,FE,Italia,44.7989263,11.7874227
Valmo-Cogny Dun Sur Auron,"9162F Route de Bussy, 18130 Dun-sur-Auron, Francia",Dun-sur-Auron,,Francia,46.8907621,2.5918746
VAN BON COLDSTORES B.V. Beneden-Leeuwen,"Van Heemstraweg 90, 6658 Beneden-Leeuwen, Paesi Bassi",Beneden-Leeuwen,,Paesi Bassi,51.8760796,5.5033825
Van den Burg Eiproducten B.V.,"Schouwslootweg 1, 5145 PG Waalwijk, Paesi Bassi",Waalwijk,,Paesi Bassi,51.6980798,5.0540548
Vandamme Hungheria,"2900 Komárom, Via Tűzoltó, Ungheria",Komárom,Via Tűzoltó,Ungheria,47.7317774,18.2020133
VEDOVATO MARIO TREBASELEGHE,"Via Cornariola, 5, 35010 Fossalta PD, Italia",Fossalta,PD,Italia,45.5741619,12.0139486
Venchi Castelletto Stura,"Via Venchi, 1, 12040 Castelletto Stura CN, Italia",Castelletto Stura,CN,Italia,44.437466447711,7.6320378899441
VERBIO BIOENERGIE BITTERFELD,"Stickstoffstraße, 06803 Bitterfeld-Wolfen, Germania",Bitterfeld-Wolfen,,Germania,51.6496794,12.2906115
Verbio Gmbh Schwedt,"L284, 16303 Schwedt/Oder, Germania",Schwedt/Oder,,Germania,53.0985441,14.2152701
VERGA CERMENATE,"Viale Lombardia, 19, 22072 Cermenate CO, Italia",Cermenate,CO,Italia,45.6949301,9.094275
Vergani Secondo Cremona,"Via Tacito, 7, 26100 Cremona CR, Italia",Cremona,CR,Italia,45.115846,10.0601402
Veritalo Sciaves,"Via Johann Oberhofer, 8, 39040 Sciaves BZ, Italia",Sciaves,BZ,Italia,46.7668904,11.6642242
VERTICE DE INNOVATION Y DESARROL AGUILAR DEL CAMPOO,"N-627, 2, 34800 Aguilar de Campoo, Palencia, Spagna",Aguilar de Campoo,Palencia,Spagna,42.7876275,-4.2435953
"Via Michele Losurdo, 33, 70010 Cellamare BA, Italia","Via Michele Losurdo, 33, 70010 Cellamare BA, Italia",Cellamare,BA,Italia,41.019191196725,16.93090015896
VIEIRA DE CASTRO S.A. VILA NOVA DE FAMALICAO,"R. do Paço 514, 4760 Vila Nova de Famalicão, Portogallo",Vila Nova de Famalicão,,Portogallo,41.4274143,-8.5026025
VIGNERONS PROPRIETES ASSOCIES CALVISSON,"32 Rte de la Cave, 30420 Calvisson, Francia",Calvisson,,Francia,43.7819239,4.197616
VINAVIL RAVENNA,"Via Baiona, 48123 Area Industriale RA, Italy",Area Industriale,RA,Italia,44.440601,12.239285
Vinegars J.R. Sabater Murcia,"Av. Murcia, 61, 30110 Murcia, Spagna",Murcia,,Spagna,38.0203152,-1.1302894
"Vinicola Le Castella,","SS7, 52, 04012 Cisterna di Latina LT, Italia",Cisterna di Latina,LT,Italia,41.6109015,12.8087879
Vinicola Olearia Teatina RIPA TEATINA,"Contrada Casale, 72, 66010 Ripa Teatina CH, Italia",Ripa Teatina,CH,Italia,42.3698107,14.2545823
VINOS Y ACEITES VILLARRUBIA S.L.,"Av. del Caz, 51, 13670 Villarrubia de los Ojos, Cdad. Real, Spagna",Villarrubia de los Ojos,Cdad. Real,Spagna,39.217433,-3.6018583
Viterra Magdeburg,"am hansenhafen,8 39126 magdeburg",am hansenhafen,,,52.19443,11.68222
Viterra BV Rotterdam Botlek,"Welplaatweg 110, 3197 Botlek, Paesi Bassi",Botlek,,Paesi Bassi,51.8845581,4.3017059
Vitivinicola Costadoro San Benedetto del Tronto,"Contrada Monte Aquilino, 63074 San Benedetto del Tronto AP, Italia",San Benedetto del Tronto,AP,Italia,42.9322811,13.8817566
Voelkel Pevestorf,,,,,53.0557208,11.4539598
VOPAK VLAARDINGEN,"<span onmouseover=""this.innerHTML = &quot;Koningin Wilhelminahaven Zuidoostzijde, 3134 Vlaardingen, Paesi Bassi&quot;;"" onmouseout=""this.innerHTML=&quot;Koningin Wilhelminahaven Zuidoostzijde, 3134 Vlaardingen, Pa...&quot;;"">Koningin Wilhelminahaven Zuido",Vlaardingen,,,51.9040061,4.3568941
Vreugdenhil Dairy Foods Gorinchem,"Nieuwe Wolpherensedijk, 4202 Gorinchem, Paesi Bassi",Gorinchem,,Paesi Bassi,51.8300646,4.9540231
Vreugdenhil Dairy Foods Scharsterbrug,"Hollandiastraat 15, 8517 HC Scharsterbrug, Paesi Bassi",Scharsterbrug,,Paesi Bassi,52.9463769,5.7813619
W.A. van der Schans HURWENEN,"Molenstraat 37, 5327 AW Hurwenen, Paesi Bassi",Hurwenen,,Paesi Bassi,51.80545,5.312458
WALCOR Pozzaglio ed Uniti,"Via Bongiovanni, 167, 26010 Pozzaglio ed Uniti CR, Italia",Pozzaglio ed Uniti,CR,Italia,45.20074900025,10.05628436814
WEINKELLEREI HECHTSHEIM MAINZ,"Rheinhessenstraße 25, 55129 Mainz, Germania",Mainz,,Germania,49.9645434,8.2680754
WERNICKE FRUCHTSAFT GMBH &CO. KG,"Helpuper Str. 354, 33818 Leopoldshöhe, Germany",Leopoldshöhe,,Germania,51.9789588,8.7132905
Wernicke Fruchtsaft Leopoldshohe,"Helpuper Str. 354, 33818 Leopoldshöhe, Germania",Leopoldshöhe,,Germania,51.9789272,8.7130349
Wesergold Dodow,"E26, 19243 Wittendörp, Germania",Wittendörp,,Germania,53.5055032,10.9943022
Westway Amsterdam,"Paesi Bassi, 1041 Amsterdam, Octaanweg 8",Amsterdam,,,52.4114056,4.8318175
WILD JUICE AMSTERDAM,"Elbaweg 11, 1044 AK Amsterdam, Paesi Bassi",Amsterdam,,Paesi Bassi,52.4156121,4.8075236
Wilhelm Reuss GmbH & Co KG Winsen,"Roydorfer Weg 1, 21423 Winsen (Luhe), Germania",Winsen (Luhe),,Germania,53.3498643,10.2066375
Witor's Corte de' Frati,"Via Levata, 2, 26010 Corte de' Frati CR, Italia",Corte de' Frati,CR,Italia,45.2118725,10.1116506
Wulro Egg Group WEERT,"Seelenstraat 7, 6004 RL Weert, Paesi Bassi",Weert,,Paesi Bassi,51.2604212,5.7287188
YSCO ARGENTAN,"41 Avenue de la 2ème Db, 61200 Argentan, Francia",Argentan,,Francia,48.7347838,-0.0308648
Zaini Senago,"Viale Europa, 2a, 20030 Senago MI, Italia",Senago,MI,Italia,45.567852059257,9.1190088138409
Zanini Alimentare Varese Ligure,"Strada Provinciale S. Pietro Vara, 96, 19028 Varese Ligure SP, Italia",Varese Ligure,SP,Italia,44.339935461076,9.5911826742977
Zeta Farmaceutici,"Via Luigi Galvani, 37-33, 36066 Sandrigo VI, Italia",Sandrigo,VI,Italia,45.6572422,11.5784037
Zipperle Merano,"Via Max Valier, 2, 39012 Merano BZ, Italia",Merano,BZ,Italia,46.6550304,11.1626917
"Zone Portuaire et Industri, 67390 Marckolsheim, Francia","Zone Portuaire et Industri, 67390 Marckolsheim, Francia",Marckolsheim,,Francia,48.169045602532,7.5950498668207
Zoogamma Ghedi,"Strada Provinciale 24, 25016 Ghedi BS, Italia",Ghedi,BS,Italia,45.4307843,10.2571458
ZOR Kalf 11 Zaandam,"Kalf 9R, 1509 AC Zaandam, Paesi Bassi",Zaandam,,Paesi Bassi,52.4637551,4.8157461
Zumos Catano Aragoneses S.A:,"Calle 5, 23, 22520 Fraga, Huesca, Spagna",Fraga,Huesca,Spagna,41.5297785,0.4196891
